sample	peptide
2289	VYVSRPSHF
1382	KAAKPKAAKPKAAKP
1382	IKTQEKAPVKK
2821	TGPNLHGLFGR
1382	DESDPFEVL
2821	ASSKDAIKK
2821	LENVIRDAV
2584	SEGKLIYTL
2289	RQMDIIVSEV
2821	STMGYMAAK
2584	GEKLQDLEL
1382	LVVYPWTQRFFES
2584	SFDKAKLK
2584	FQANLYVGL
2289	MFDIVGTHL
2289	LQYSFPLQL
2821	ATVETTIAR
2584	KSFEGLFYF
2289	GQLDSPGSLKI
1382	LLPKKTESHKPGKNK
2821	LAVASFPKKQE
2821	GFKGVDAQGTLS
2584	SAQSFFENK
2289	SQGQVQLTI
1382	LLPKKTESHHKA
1382	AKKQKQNRPIP
2289	GQITVGQRI
1382	FERLTLKHD
2821	AVIGNVQEK
2821	ATQTSVVVK
2289	ALPNVYEVI
1382	FRTHFGGGKTTGF
1382	AENEEDEHSV
2821	ATAGIIGVNR
2584	AVIDVGINR
2289	AAFEKALEV
2289	RESSLILAV
2289	PFGNTHNKF
1382	SLAALKKALAA
1382	KRKASGPPVSE
1382	GFRTHFGGGKTTGF
2821	ATQQEFYAK
2584	ILNPDNSFEIL
2584	MRYVASYL
1382	TLKDITRRLK
2821	AVAPPTPASK
2821	FTRSLFVN
2821	SEQPQTAAARS
2821	TTNDIVISK
2289	MYLDAVHEF
2821	SVVDPTVLK
2584	TQIDHYVGI
2584	GFTLGNVVGMY
2821	FPVIYDVKY
1382	SLLKKKQGTDAVRT
1382	VKPKEVKPKIPKG
2821	EEVQSLPLPL
2584	FRIGFGSF
2584	FLLGFTLGNVVG
2289	FPQLDSTSF
1382	VLLPKKTESQKTKSK
2584	GTLEQWIEK
2821	LYSGVHKK
2821	NVDPVQHTY
2289	VYPWTQRF
2584	AVLSWKLAK
2289	RYFPTQALNF
2584	SLISSFPLLK
2289	ATASVNLKV
1382	VEEPEPEPEAA
2821	LAVHPSGVAL
2821	SLIQAGQQF
2584	HDFEGQPSL
2289	GQLPITIQV
1382	AGFAGDDAPRA
1382	YVSKGLENID
1382	IGQKRSTVAQLVK
2584	VDVSLPKL
2584	ATISNDGATILK
2584	WSVDPLDRA
2584	GELEAAKAL
1382	VEFEDPRDAAD
2821	VTNPDTGRY
2584	IGTGATGATLYL
2289	NQGEFKELV
2584	RTQNVLGEK
2289	LPFLPSTEDVY
2821	ATGESIAVKK
2821	DLGPPVNVPQVS
2584	GSYSKAFAR
2584	IVIGVLHQL
1382	YDSTHGKFHGTVK
2289	KQVVIQQQI
2289	VYLPNINKI
2584	DEVGGEALGRL
2289	EYMEHVYLI
2289	AYELTQYYF
2821	RLVQSPNSY
2289	FPAGVAVAEEM
1382	ANALAHKYH
2821	RTLSDYNIQK
2289	KQVELELQQI
2289	VYIGSTLSYF
2584	LGRLLVVYPWTQRF
2289	VYTSGVYHI
2289	VYGPLPQSF
1382	VLGEKGKNIKIISK
1382	PEPVKSAPVPKKGSK
1382	GEQRHLTHENVQRK
2821	ATNEKLSVY
2289	AFDLTEQRY
2584	SVFQTTDTK
2584	RVFDLPLTW
2821	LPDTLKVTY
2584	YDVTVPKL
2289	VYTWPSGNTF
1382	NDFKRVVGKKGESH
2289	RLNEAAVTV
2289	YLDELALEI
1382	FLGEGHHRVQENQM
2584	GTMEWIMIK
2289	AQILSQRI
1382	VVYPWTQRF
2584	RAIQFYLEF
2289	LMNAVVQTV
2584	IGGEPYTLGL
2289	AYIQEFQEF
1382	TATAPQLDDEE
1382	FPVGRVHRLL
2289	KLITVPLEI
2289	NQYRLIVNV
2584	ILAPTVQEL
1382	VLSPADKTNVKAA
2821	NQQPSNYGPM
2584	RVIVPADPTLW
2821	LLDQGQLNKY
2584	RVAPEEHPVL
2584	AQIDQYLGL
1382	ALDANKKKRAPVP
1382	FRLLGNVL
1382	AVSEGTKAVTKY
1382	ISYQQKKF
2821	VSDKTLSFY
2584	RVQEAVESMVK
2821	HTPFVDEL
1382	DLEPTVIDEI
2584	ASAIPAYSK
2584	ANVGWNNSTFA
2289	KFDDGAVFL
2289	YYDKHFTEF
2584	SVILPILKK
2584	DKFLASVSTVLTSKY
1382	GKPQYMVLVPSLLHT
2821	GTSITVPQK
2584	HEIKSLEDL
1382	KLGIHEDSQNRKKL
2584	VVQEPGQVFK
2289	SQNDGFFAV
2289	IYQYIQSRF
2584	MATAASSSSLEKS
2584	TGASGSFKLN
1382	ALTNGIYPHKLVF
2584	WVVKSTPASL
2289	YQLPLSKI
2289	ILSDVAIRI
2289	TYIKFVNLF
1382	EVRAKLEEQAQQIR
2821	QVAPVANSY
2584	VQRTLLEK
1382	LSAKPAPPKPEPKPR
1382	LLDTWDQVF
2821	GTYDQKVQGGK
2584	KTQILNEEW
2584	KVAELFEKL
2584	ILADVVQKL
2289	IYMPMIPEL
2584	ASQDIIPQLK
2289	GQSFIASIQKI
1382	TYIPPKGETKKK
1382	IAKLEKAKAKELATK
1382	RLLLPGELAKH
1382	STGGKAPRKQLA
2584	QVISQAAVVHA
2289	TQSTATLRI
1382	VGGSTRIPKIQKL
2584	YEVSQLKD
2584	GEVSARQEL
2584	KLIEELETL
2821	ATEQPLTAK
2584	KDYETATL
2289	RSSTPLPTI
2289	FPEPEHSSF
1382	KRSTITSREIQT
1382	LSITSRGSF
1382	SDGVIKVF
2289	VVSDTELSI
1382	SVSRVGSAAQTRAM
2584	LSTFQQMW
2584	TVMGRIATL
2289	KVLGALLFV
1382	GAGKHVPRAVFV
2289	KQTHVKQAI
2821	LTEAPLNPK
2821	QIFNGTFVK
2584	KSFDEQNVPK
2584	SDYPPLGRF
2584	LTGENPLQVL
2289	RLFPVPGSGLV
2821	RVYGGLTTK
2584	KATNVVMNY
2289	SQAEIEQKI
2821	FPDKPITQY
2584	KEIGDIAGV
2584	STFSEIFKK
2289	QQVQVQVQV
2289	NFTNVAATF
2289	RMNPNSPSI
1382	IEKFEKEAAEMGKG
2821	AVPTNIIAAK
1382	FTRSLFVN
1382	MGNPKVKAHGKKVL
2821	TSPAKQQAPPVRN
2584	AEQKVEYTL
2821	ITKAGLQVY
1382	LESMIKKPRPT
2584	IEIPAEKVF
1382	KGKPELRKKVHPAVV
1382	GNAARDNKKTRIIP
1382	WSVDPLDR
2584	HQAAIVSKI
2584	FTPDHVVYA
2584	VMVDGKPVNLGL
2289	VQNAIIQTI
1382	DLGPPVNVPQVS
2821	ATMPASVVGQR
2821	LTDTQNAQY
2821	VQTKGTGASGSF
2584	REYKLVVL
2289	FPNAIEHTL
1382	NAAIATIKTKRSIQF
2821	YPQPPSQSY
2821	QIQDSIVTK
2289	IYQFIMDRF
2584	KIIEELQDL
1382	HDTVEDTDTTL
1382	TDHLVKTHTRVSV
2821	AQKMQTVTA
2584	KAGQVVTIW
2289	VQRLIEQI
2289	YPLEDHTEF
2289	KLVSTSVTI
2289	SLTSVVLTL
1382	TTTAEREIV
1382	IEHIKHSKSRDS
1382	GKVKVGVNGFGRIG
2289	ILNKQEFFV
2289	GQSPMAALILV
1382	GFFKILRGQDH
1382	TDHLVKTHTRV
2821	LPAPPTQNM
2584	SQSELLDFL
2821	SAQGNVYVK
2584	ASAPGYLAITK
2584	ASVNFSEFSK
2584	RVTLATIAW
1382	KHAVSEGTKAVTKY
1382	LEERRIKEIVKKHSQ
1382	HLTPEEKSAV
2584	SQIQEFKEA
2584	AEYFELPEL
2289	RQGIFYAML
1382	SVSRVGSAAQTRAMK
2584	RFQSAAIGALQE
2289	AQFTTALRL
1382	SSKDAIKKKLTGI
1382	DDMPNALSAL
2821	VLGPTPVQK
2584	AMYTYFQAK
2289	IYVISAETF
1382	KRAAEDDEDDDVDTK
2821	NTDRNIDKY
2584	RIFPNQTEEL
2584	SSFWSQTQK
2289	KQQNISPLV
2289	HNSHVNPLPTGYEHP
1382	NPVKTSRNHQDLH
1382	FELGGDKKRKGQVIQ
2821	SSDPDQLVY
2289	GQINNLVAI
2584	ASVSTVLTSKYR
2584	SALGYLHSL
2821	NSDPGLAVGY
2821	HQQPPSQQY
2584	AEFEVPRL
2584	GEYGAEALER
1382	NAAIATIKTKRS
2584	SVLGSLLYY
2289	KRAEIISEI
2289	IFDVASIIL
1382	KPHRYRPGTVA
1382	FDKHTLGDSDNES
1382	LPKKTESHHKA
1382	RGALFGANANRKF
2584	ASVFGTMPLK
2584	RVASNPYTW
2821	IPTKQTQTF
2821	VMINKATPY
2821	RQAKQESTEY
2821	SAAPPQEKK
2584	YLVGLFEDTNL
2584	GTYVSSVPR
2821	EETVISTK
1382	ALKRQGRTLYG
2821	TAIEIVVQM
1382	KLGGRDSRSGSPMA
1382	VVRIPKEQGVLS
2821	TANSITVTF
1382	SSKDAIKKKLTGIKH
1382	VVYALKRQGRTL
2584	LSFPTTKTYFPHF
2289	YYFEGIKQTF
1382	SEGDDKIEY
2584	LVVRHQLLKT
2289	GQKIIKDDI
2584	DGLTVHLVI
2289	QQNPLVQRV
2289	VVTAVKFTI
1382	LLPKKTESHHK
2584	ILAAIVNHL
2584	VVIPFLTES
1382	YQKVVAGVANALAH
1382	TPEEKSAVTAL
1382	LTPEEKSAVTAL
2289	TQTKLYLI
1382	AALRPLVKPKIV
1382	HRDTGILDSIGRFFG
1382	ENPVVHFF
1382	VVRLKPTRKF
2289	QLTNVILHL
1382	TEHAKRKTVTAMDV
2821	SVQVPEFTPK
2821	ATAASSSSLEK
2289	FPDSPGGTSY
2289	SQFPLPLAV
2821	SQRPGAQAL
2821	IQADAKLQF
2584	FTRSLFVN
2289	FPGEAERVAF
2584	GEGDGIIREL
2289	RQTVAVGV
2821	TSDQQRQLY
2821	FQKVITEY
1382	AGNAARDNKKTRI
1382	AEFEDLDSLL
2584	KLIGQVHEV
2289	TYDEIFYTL
2584	SEIKGEVL
2821	STTTTTHITK
2821	RPAPPPISGGGY
2289	AQTLQQYRV
1382	VVGIKVDKGVVPLAG
2821	GQNPTNAEVL
2821	ALRDVRQQY
2584	GVYSFQFNK
1382	VGKARGFFKKGDVV
2821	ATESVSLYY
2821	TKGTGASGSF
2289	NYDLALKYF
1382	GRKGHAVGDIPGVRF
2289	TPILVDGKDVM
1382	IGLPGAGKTTWVTKH
2821	QTETHNVFY
2821	SIFKQPVTK
1382	VGDEAQSKRGILT
2289	KLTTTFLQI
2289	VQLETDLKI
2289	FPVIYDVKY
1382	NPKVKAHGKKVLGA
2821	AAKGGELVY
2584	AIIPYIPTL
2584	EKAVHADFFNDFEDL
2821	ILKEEQELY
2821	LIVIQNPTE
2821	STAGLIIGK
2584	RSMEDFVTW
2584	SSIQGQWPK
2584	ASLSTFQQM
2289	RYFPNPEEF
1382	GIVVNKQVKGKIL
1382	IDELRNEDV
2584	PRIASNAGSIA
2289	RLYSVSYLL
2289	EQELIYFTF
1382	SETGAGKHVPRAVF
1382	MATAASSSSLEKS
1382	NALAHKYH
2289	HIKTGEPFV
2821	TASAVVQHM
2821	QVDPLSALKY
2584	TEKNVIAAL
2584	IYNEALKG
2584	KIETVNESW
2821	VAIQAVLSL
1382	AGAAKRKASGPPVS
1382	TGGVKKPHRYRP
2584	AVTKYTSAK
2584	AEIEQYRL
2584	VHLTPEEKSAVT
2289	VYTVVDEMFL
1382	ALIYNEALKG
2821	HAVGPSTSL
2289	YPDENGFDAF
2821	STVGAGAYAYK
2289	GYSEHFVEF
1382	WAPESAPLKSKM
2584	QIFSEFLLK
2289	YAFPKAVSV
1382	TRNPQTARQAH
1382	DDEEAEEKAPVK
1382	NELRVAPEEHPV
2584	ATILAGDIKVK
2289	KYLSVQGQLF
2821	SQQPASGVAY
2821	KTDGSFIGY
2289	GQTLLHMAI
2289	YRFGDSQQL
1382	YDVEKNNSRIKL
2289	RLFQTEEKI
2584	RVVDFDETW
2584	TVIDQIPFL
2289	VSTEVRLMI
1382	AAGKGPLATGGIKK
1382	NVLKVTKAAGTK
2821	HQNSNIRTY
2289	SQDTSQLRI
2821	IQKAVSEGY
2584	GVTHTVPIYEG
1382	TFIKVPQNQNGKSKG
1382	VEEIIEETKVEDEK
2584	WWGPGTRSAA
2289	FPEEFDKTSF
1382	TEDNDDDLYG
2584	LVGLFEDTNL
2289	VQYALPLQL
1382	NAARDNKKTRIIP
2584	QVTDFGFAK
2289	LLQGTLLKI
1382	GTGASGSFKLNK
2821	QTETKTITY
2821	TQPHPNTVY
2821	TQIPTETTY
2821	VTASQVAATK
2821	VHLTPEEKSAV
2821	AIITPPPAK
2584	RVTEILDYW
2584	ILELAGNAARDN
2584	SVYVYKVLK
2289	KLSRTILQA
2821	SLDVGGPLRY
2584	SLGSALRPSTS
1382	YHNLKNVIKEKY
2821	GQKQGIVRF
2584	SLFKELQEA
2289	FPDKPITQY
1382	QTKGTGASGSFK
1382	SHGRTQDENPVVHF
2289	RQLVAIYEV
2821	GQSGLFTQY
2584	SITSVFITK
1382	LGEIEEILDV
2821	ASLITTLAR
2584	KEGFPITAL
2584	LTTMGDRF
2289	VYISKTTYI
1382	SLVSKGTLVQT
2821	MPVGPDAILRY
2821	ATALPTGTSK
2821	RAAPFSLEY
2289	FFDSVQVVF
1382	KVVVSPTKKVAV
2821	GQREAIEAF
2584	FVQFHPTGIYG
2584	GEVPTIESL
2584	FISPFGHGL
2289	VQYNEPLKV
2289	LYTPVLIRF
2821	SFDKAKLK
2821	TTEVHPELY
2289	GQMDPSAQI
2289	KLREIEQQI
1382	YDVEKNNSRIKLG
2821	SQIYQSIEF
1382	AAKPKVVKP
1382	DEAIAELDTL
2289	RYFDPANGKF
1382	FRDGDILGKYVD
2584	IAAEGIHTGQF
2584	RSWLSYSY
2584	GTYDILVTK
2584	RQFPTPFQL
2289	FQNIRPLFI
1382	STGGKAPRKQL
1382	YSVWIGGSIL
2584	REYQDLLNVKM
2584	AEFKEAFQL
2289	VYLEKFMTF
2821	ETNTVVQTY
2289	NAEDADGKDVF
1382	LRVAKVTGGAASK
2289	NVIRDAVTY
2289	KLAPPLVTL
2289	LVVRHQLLKT
2821	RQIQESVTF
2821	ALGPGAPPK
2821	FTDVRAAVY
2821	AVALPLQTK
2289	FPDRIMNTF
2289	KSYAGFLTV
2821	TQKELMTAL
2584	GEFQSFSSA
2289	LWDTAGQERF
1382	TKTHPQWYPARQ
2584	GSLFLQTPK
2289	LYLPSFFTY
1382	DQNTKLAPETKAVIH
2821	TYKYVNMQD
2821	KLYVPVKEY
2821	SPISQKIIY
1382	HTINGHNAEVRK
2821	YQLLEPRM
2289	AAFDVPLKV
1382	VDLEPTVIDEV
2584	FRVPTANVS
1382	LVENTDETY
1382	VVAGVANALAHKYH
2289	LYQDKFPFF
2289	KYSLIKGNF
2289	MPYSVIRGEAF
2584	FLGASLKDE
2289	IRPNIILVL
2821	SPIDVVEKY
2821	VVYPWTQRF
2289	RINAQYLEV
1382	SGAGNNWAKGHYT
2584	FGEHLLESDL
2289	RMEDIKILI
2289	RLLEVVTSI
1382	GAEGQRPGFGYG
2584	SAFGYVFPKA
2289	RIADSFQVI
2289	GQFEDGILDI
1382	EKNNSRIKLGLK
2821	NTDSPLRY
2821	STSPYFLEH
1382	AKKPAAATVTK
1382	VFHRKKNL
2584	VAVGRALYY
1382	SRALLTPRIKV
2584	EAFVRHILSG
2584	ATFFGEVVK
2289	YLYTGRLDI
2584	FGLPRLPEE
2584	STTTGHLIYK
2289	SQSTVKVLI
2289	SVTSIQERI
2289	YAQDEHLITF
2289	ILLRTILEI
2821	ASYTKIVVK
2821	QSEQPQTAAARS
2289	NYAWVYYHL
2821	IFDGNVAHI
2289	EQLPVAQII
1382	TVINQTQKENLRK
2821	SQNFHTSY
2821	GIGSVLPLK
2289	LPTEAEWEY
2584	IIGRTINGTF
1382	KDTEEEDFHVDQ
2821	SQGMEQHEY
2821	SQYPGGQPTY
2821	AAMQDPEVMVA
1382	ASGSFKLNKK
1382	KLNKKAASGEGKPKA
2584	LVVYPWTQRFFESF
1382	TVGPKAPSGGKKAT
1382	VLAHHFGKEFTPPVQ
2584	TTTVMNPKF
2821	EAYPDHTQF
2584	KLPDFLTAKL
2584	AEFVGVSHL
2584	ATYYGAFIKK
2584	SVIRDIGAI
1382	EKNNSRIKLG
1382	EKNNSRIKL
2821	LHLGYLPNQL
2584	IVFGEVDR
1382	AAHLPAEFTPAVH
2584	RDFSAPTL
1382	GILDSIGRF
2821	VTDGAILGKLY
1382	AKAPTKAAPKQKI
2584	TRTHINYGVKGDVA
1382	DFGEEAEEEA
1382	QDATAEEEEDF
2584	RVSDINFTL
2289	KVFDPEGKGVLK
2289	KLLSTALHV
2289	FRPPITQEI
1382	FVQMMTAK
2584	WQVKSGTIFDN
1382	FPSIVGRPRHQG
2289	KTKDIVNGL
2289	TYQDIQNTI
1382	SEESDDDMGF
1382	TGILDSIGRFFGGDR
2584	RETNLDSLPL
2584	RLAVYIDRV
2289	YQKSTELLI
2821	AVQQPFINK
2584	SDGLAHLDNL
2584	RAAPFSLEY
2584	NSIKELNERW
2289	DVMKDFEEM
2289	HPNYPYSDEY
2289	LLTKEQLKI
2821	DDMPNALSAL
2821	GQNDPLKDSY
2584	REKLQEEML
2289	RPYDPEEEY
2584	ISVAEVEKW
2821	ATALEYVYK
2821	STATTGPPPK
2821	IVEQDTMPPK
2821	GIKEDTEEY
2289	FPMTMDEKY
2821	SITSVFITK
2821	AQPPVGAAY
2584	ATFPDPNVK
2584	TVFDEAIRAV
2584	STIKEVAQA
2584	AVAAFVLYK
1382	YVGDEAQSKRGILT
2821	YPTQPGQGY
2821	LIKETTTGY
2584	PTTKTYFPHFDL
2821	ATVTPSPVK
2821	GTFSSLQTK
2289	YQDPSVLYI
2821	SSMSAQLLYK
2584	FKVVPEMTEILKKK
2584	YVFPGVTRL
2289	LYDIILKNF
2289	KQLSFEEFI
1382	TAGKRKASGPPVS
2584	VSVPDSLLW
2289	TYTDRVFFL
2289	RYLQTLTTI
2821	AQFKGTQSL
2289	SYLKQLPHF
1382	RKSTGGKAPRKQL
2584	KLMELLEEI
2289	ILLATGLHV
2289	FPFTTVETY
1382	GFRTHFGGGKTT
2584	RTVIIEQSW
2584	YVADLVHSA
2289	AISSVRLYI
2289	ELYSRQLYV
1382	EDPRDAEDA
2289	FPALFGDVKF
1382	AAPPAEKAPVKKKA
2584	SIAEVVHQL
2584	KIADRFLLY
2584	LRVAPEEHPVL
2821	FSDTNGAVKY
2584	VEFSSGLKGMSL
1382	FPSIVGRPRHQ
2821	AVLDFVKQK
2584	KSSEVFTTF
2584	AVLEADFAK
1382	DDEDGLPEKL
1382	KDPVQEAWAE
2821	GTYTSSMALK
2584	AVPDEIPPLEGD
2289	HQIVVDRV
1382	KAKKPAAAGVKK
2821	GQSDIAITK
2584	KSSDIAKTF
2289	FPIPEEYTF
1382	KGHGKKVADALTNAV
2821	KQTQIFTTY
1382	RLDIDSPPITARNT
2821	LQAQKLVQY
2289	IQHLIPKI
2289	EQIKTSLFI
2289	VFDTSIAQL
1382	ELAEDLTGIEI
2821	LTDPEAAKY
2821	GQQVTLTTH
2821	SQHIGTGNLY
2584	ATGDMSGLLK
2584	SLFGSPVAK
2584	STTQVVGILK
2821	STYGVTKGK
2584	ALFEEELARL
2289	KLVELPYTV
2584	RTYDPEGFKK
2289	IFIQNSKLYF
2289	KYGIVQEFF
2289	SQTIALLNI
2289	EYTRALFLL
2821	AAAEASLNK
2584	FAYDRLIKES
2584	GEITGEVRM
2289	LYNPDVRYSF
1382	VGDEGEEEKEF
1382	HDVFVRKVKM
2584	TEVIFKVAL
1382	SAKPAPPKPEPKPK
1382	SSKDAIKKKLTGIK
2821	GTLNQPLTK
2584	QAFAQVFNK
1382	FLLFPDMEA
2584	KENNIMITL
2289	SLFPGQVVI
2821	AQHLFIQTF
2584	SAFGQAFSK
1382	GSAQVKGHGKKVAD
1382	SVKTKIQKLGRAM
1382	AHHFGKEFTPP
1382	GLEGSAEEEV
2821	DAFKSGIVQY
2584	FLSFPTTKTYFPHF
2821	STTAPLLPK
2289	LYSKIEALL
1382	KAKAPKPKAAKPK
1382	AVGIVVNKQVKGKIL
2584	KVVEGSFVYK
2584	QTAQIFFTK
2584	VLFGLLREV
2289	AQGLVQLEI
2821	FNDPNAKEM
2821	FLSFPTTKT
2584	KVFAGYYTK
2584	AIITPPPAK
2821	SQGPISKPK
2584	VNVDEVGGEALGRLL
2584	RIVEPYIAW
2289	GQTPKQLFV
1382	NVIRDAVTY
2821	STASELSPK
2821	NQQPSNYGPMK
2821	NSELLNDRY
2584	GSYTFDPVTK
2821	KQMEQISQF
2584	ITHVLPFEK
1382	TVKNKDIRKF
1382	FSEEHPVL
1382	KSTGGKAPRKQLATK
1382	FSETGAGKHVPRAVF
2584	VVQDGITLITK
2584	AVYDFFIGR
2584	YKTGKNKWFFQKLR
2289	GQTTVQVRV
2289	ILKGVILLI
2821	PPMEAAGFTAQ
2289	MPVKDTTY
1382	VPFPRLHFFMPGFA
2821	ATAAAIGATPR
2584	VKKPEDEVL
1382	AGAAKAKKPAGATP
1382	KVLKQVHPDTGISS
1382	FIDNIFRFT
2821	AEKAPTNIVY
2821	TQAYGQQSY
2821	TQMPDPKTF
2584	FQNPFRSEL
2289	FRFDGVTSM
1382	FKLGGRDSRSGSPMA
1382	LASVSTVLTSKY
2289	FQHTGIYSV
2584	LVVYPWTQRF
2584	KLTSTVMLW
2289	AQLAEDLKV
1382	SVLKKGDKTNFPK
2821	LQHPDVAAY
1382	PGHLQEGF
2584	QDQFDSFLK
1382	KDKYKNIGAK
2584	SVSGINHGV
1382	GNPKVKAHGKKV
2584	AIISELVSI
1382	DESGPSIVH
2821	VKMALQQEGFD
2821	GTFGGLGSK
1382	AGSKNRLVQTAELTK
2821	HLAPPQPAK
2821	ISKPPGVAL
2584	ASFDKAKLK
2584	TVAEISQFLK
2584	AAIGLVIYY
1382	VVAGVANALAHKY
1382	SKERNGLSLAALKKA
2584	VGLFEDTNL
2584	FLFDHLLTL
2289	KYPSPFFVF
2289	TYIKFINLF
1382	KQRTKKNKEEAAEYA
2821	HTETKTITY
2821	AMYPIRSAY
1382	EDDEDDDVDTK
2821	QVQAAQFAK
1382	AAKPKKAPKSPAKAK
1382	IEIISGAAALD
1382	LGGRDSRSGSPMAR
1382	KLGVIEDHSNRTRLA
2584	KVIDEIYRV
1382	VQEMAKLDAN
1382	SLAPDTRL
2584	VVYPWTQRF
2821	AETEGILQK
2289	NYAQVFNKL
1382	VVKPKKAAPKKK
1382	RMKEAKEKRQEQIAK
1382	VDPDTKEML
2584	KMFIGGLSW
2289	AQENLLLLV
1382	KVTKAAGTKKQFQKF
2584	GSLGFTVTK
2584	KIIGAVDQI
1382	IQGITKPAIRR
1382	ASHFEQMAAASMHR
1382	AGVANALAHKYH
2821	RQAPQPQSSL
2584	AELAARILL
2584	RVFPWFSVK
2289	NFDNILNSF
1382	QDTEELEKEI
2821	ATFPLSVQK
2584	YLKDEIEEL
2584	RVIGTLEEV
2289	NWDSVTSTF
1382	MIKKPRPTRAEGSDV
2821	TQQRTATQY
1382	RAAEDDEDDDVDTK
1382	EDLPAENGETK
2821	SAPSADAPMFV
2289	KQDETQTKI
2289	AQNQVLNLI
2821	HVDDMPNAL
2821	GYTRIPVY
1382	AHNNYQAQSAVPLRH
1382	EGKPLLQRHRLVNA
2584	AVQRTLLEK
2289	RFDYTNSEF
2821	SAFGGSLPAK
2821	GGTGSGMGTLLISK
2584	SIVDFLITA
2289	AQITQKIGV
2289	YFPTQALNF
1382	DIRKDLYANT
1382	GSAQVKGHGKKVA
1382	REDMAALEKD
2821	NLPINGNGKQ
2821	NTEEEGLKY
2821	VQQYPHITF
2289	GLYPAPLKI
1382	HSFGGGTGSGFTS
1382	EDAEAPGIRDHESL
1382	WEQKGGSKTSSTIK
1382	FLITQLKML
2821	IHSLPPEGKLGIMEL
2584	DWVPYINGKF
1382	LRTALIFGGF
2584	AAIGALQEA
2821	LSEVNRTGTQY
2584	STSENITQK
2584	ATQVAVSVPK
1382	AKKPAAAGVK
2821	ISVSQVEASPSTS
2821	SVLEPPLFLK
2584	FNKPFVFL
2584	YLFPETEFI
2289	GQDVGRYQV
2821	NPNSPSITY
2821	STSQTFIYK
2584	GSSDVIIHR
1382	VLSPADKTNVKAAW
1382	NKRSTITSREIQT
2289	SYQRAFNEF
2289	GQNGTVQEI
1382	KAPAKKGEKVPKGK
1382	NEPKHRLARH
2584	VTDNAVYHW
2289	KLHGVNINV
2289	NYTIVSDNF
1382	SAPAPKKGSKKAVTK
1382	AERHGYIKGIVK
2821	TTMVPTAALAK
2821	VSMDYAISK
2584	RVYGGLTTK
2289	KYPDRVPVI
1382	GKGDPNKPRGKMS
1382	ELGRPAANTKIGPRR
2821	DAARLQAAY
2821	SVNTPTKTY
2584	TEHGVEVVL
1382	FKGVDAQGTLSK
1382	YDVEKNNSRIKLGLK
1382	NYKPPPQKSLK
1382	VLVGGSTRIPKIQKL
2821	TVAVPLVGK
2289	RLSDVQIYV
1382	FRGLGMTL
1382	RDNIQGITKPAIR
2821	QASDVSVKY
2821	AVIQALAQK
2821	SQANIAQVL
2289	KYEELFPAF
2821	ESDINSVRY
2584	SSNIFTVAK
2584	LAEFAFSLYRQLAH
2289	IYLEKLKTI
2289	VYQEVQAMF
2821	SSATLPITFK
2289	RQYPWGTVQV
1382	GEGMDEMEF
1382	SAKPAPPKPEPRPK
1382	KDPNAPKRPPSA
2584	SLIRNLEQL
2289	LLFEGIARI
2584	VSHPNEVSW
1382	GVYRPPPKVKN
2584	FATPFLVVRHQLLKT
2289	LYGLIVALI
1382	AAPPAEKAPVKKKAA
1382	VDEEEAAAL
2821	SVSSDRIQK
1382	VGDVGQTVDDPY
2584	ATILAGDVKVK
2584	SSVPGVRLLQD
2289	RQYLAINQI
1382	DIPEVVVSLA
1382	YDVEKNNSRIKLGL
2821	ATISNDGATILK
1382	TGGVKKPHRYRPG
1382	LAVASFPKKQE
2289	FIAPVTLKV
1382	PGGGSKVPQKKVKL
2821	VMGNPKVKA
2584	RVADILTQL
2584	RIQDGLGELK
1382	YQEYEPEA
2821	KTFEGNLTTK
1382	DEVGGEALGRLL
2821	NVYEVVNPK
2821	AHVDDMPNAL
2584	VHLTPEEKSAVTAL
2289	MPHPETGKDLY
1382	EDGGEAPAALEA
1382	GNPKVKAHGKKVLGA
2584	AVNPYFDIPK
1382	SWGAEGQRP
2584	FRLLQSVV
2584	FDIPVDNL
1382	KVVVSPTKKV
1382	RTQDENPVVHFF
2584	GWSQDLFRAL
2584	IYNEIAGK
2289	KYLDALNVF
1382	ATAASSSSLEKS
1382	GRKGHAVGDIPGVR
2821	ATAGDGLIELRK
2821	GSKPLNIAY
2584	GVIGQDGLLFK
2289	WQNVRALYI
1382	ITSREIQT
2821	FTEAESNMND
1382	AGGGVIPHIHKS
2821	GQRPTQPVY
2821	TMDPKPLAY
2289	SPNAKEFVY
2289	RQFPTPFQL
2584	SKINVNEIF
2821	YVDPQFLTY
2584	GEHTLLVTV
2821	IQNGAQGIRF
2821	LTGPVMPVR
2584	RSNNINTLF
2289	VYIKHPVSL
2289	ILYETVLTI
2584	LERKVESL
1382	AHLDNLKGTFA
2821	KQTQTFTTY
2821	QTATTTMVY
2584	ILFPHQPL
1382	YASGRTTGIVM
2289	HAEASAIVEY
2289	FLLHVQQQI
2289	AQLLGLIQRV
2821	GQIPLHLAAQY
2289	EYLPIGGLAEF
1382	REINKLLKQKEKKNE
2289	KQLLAALEI
2821	GQAPINNTGF
1382	MAHMASKE
1382	DVVYALKRQGRTL
2584	LASVSTVLTS
2584	REAPERPSL
2821	KLFIGGLSF
1382	FQNISPEELK
2584	GLADITQQL
2584	ATFPGMWER
2584	SVFEDPVISK
1382	HTVQPKGKITF
2821	VASQKGMSVY
2289	HLTDQALKV
2821	GDMDVSVPK
1382	LDKDRKKILERKA
1382	DEIVNNENKDV
1382	KYVPAIAHLIHS
1382	GGKKGAKKKVVDPF
2584	KLIPQLPTL
2584	GTLSGWILSK
2584	FLSFPTTKTYFPH
2584	KVSELVQFL
2289	AQYKFVYQV
1382	GNPKVKAHGKKVL
2821	ISVSQVEASPST
2821	ATSAFQTQK
2821	ASIEEKVAY
2584	ATFLDPRYK
1382	YASSKDAIKKKLTG
2821	GTINIVHPK
2584	LQEASEAY
1382	RDQPQFQNM
2289	VLFDTQLII
1382	FYNELRVAPEEHPV
2821	SSSSPTFPK
2821	IVFGEVDR
2821	MPQGGGQHY
2584	VSFPHAAQW
2584	VVDENAVAK
2584	SVVGQIAKL
2289	KQIGAATYI
1382	SKLKKERPDF
2584	ATEHLSTLSEK
2584	MRYVASYLL
2584	AEVFPLKVF
1382	TGILDSIGRF
2821	STDPRPASY
2289	RSNSPLPSI
2289	VYTVVDEMF
1382	TDHLVKTHTR
1382	VDLEPTVID
2584	SLFNTGFLK
1382	IAVTRNPQTARQAH
1382	KAAKSPAKAKAPKPK
2821	AHVDDMPNA
2821	VSKIVQTY
2821	GVFEGHTSK
2821	MAFPSSQSL
1382	TGGVKKPHRYRPGTV
1382	SKHKSDFGKFV
2289	TQTAVITRI
2289	YYEEQHPEL
2289	LLSDTKLEL
2289	LQHEGIFRV
2584	GTADVHFER
2289	RQWSGGVAI
2584	KEFEGKTLV
2289	QQQNQRLLV
2821	GQQSSSSSGSVF
2289	VYAILTHGI
1382	HPGKATVPK
1382	GRPRHQGV
2821	LPSPVTAQKY
2584	SQRLVFNRPFLMF
2821	VPEEGGATHVY
2584	GIGQDIQPK
2821	SAVPPGTSL
2821	GQQQNVMVY
2584	GSLFLRTPK
2289	AVSAIVQKV
1382	IDSPGHVDF
2821	SVSPVVHVR
2821	VTNDGATILK
2584	ALSGSWDGTLRL
2584	RVFVVGVGMTK
2584	TEVKGLLGL
2289	VYLDKFIRL
1382	HAHKLRVD
1382	YLKVKGNVF
2289	YQTQLIQRV
1382	SAPGGGSKVPQKKVK
2821	MTDIKNDSY
2584	TEALLRVLL
2821	QVTQPTVGMNF
2584	KFFSDVQYL
1382	REREVDEDSEPEREV
1382	VQTKGTGASGSFKLN
2584	GTIDEIQKL
2289	LYIPIFSTF
1382	GVTKGKGYKGVTS
2289	IYLLIHNNF
2821	STNSFALNK
1382	RVAPEEHPVLLT
2289	AQGKVKLVV
2289	HQGDSKLLI
2289	VQPSLFYHL
2289	YADPVNAHY
2821	SSFSGLLRK
2584	SVFEGLERL
1382	KKDPNAPKRPPSA
2821	IVAGTLTNK
2821	RLSSVSVTY
2821	PEPAKSAPAPK
2821	ASYQEALAR
2821	ALIEGGMKY
2584	SVYPTQEEL
2821	STELNHLGY
2821	LQKNVPILY
2584	ATGIILPAR
2821	MELPQGQTGSVG
2584	NVIETISSL
1382	IYASSKDAIKKKL
1382	SKNRKAIVERAAQL
2584	RVSVTLETF
2289	RYPSNLQLF
2289	VFDEAIRAVL
1382	SRAGLQFPVGRVH
1382	DVELLKLE
1382	GTGASGSFKLNKKAA
2821	SQIRQSTAY
2821	VSDRVTVLY
2289	RLLPGNATI
1382	KVLKQVHPDTGISSK
1382	ANSKVAFSAVRSTN
1382	SLIGKKGQQKTV
1382	KGSKVMPNIEKLRS
2821	TTDKKSLAY
2821	ITQGTPLKY
2289	YYITTRVQF
2821	SQGVHISVY
2289	YPEEDYESF
1382	GGKAPRKQL
2821	SVAKNFFTK
1382	TGAGKHVPRAV
1382	FRNIGLDD
2584	SGPPVSELITK
2821	VSEKGTVQQADE
2821	AVSEGTKAVTK
2584	GTMTGMLYK
2289	LPETLDPAEY
1382	SRVGSAAQTRAMK
2821	KMVGDVTGAQAY
1382	SNRYERLKATQVSKG
2289	STRYPPPAV
2289	AQFAARAII
2289	NFDLTKNYL
1382	SSKDAIKKKL
1382	ASSKDAIKKKLTGI
2821	VSDPSSPQYGK
2821	YTDHQNSSSY
2584	RTFPFSLQY
2289	LVTDLVLHI
1382	GQQGYGPQGAPT
2821	LVSPEQPPK
2289	VYEGESARF
2821	SVYGYGVQK
2289	IYMDTLNIF
2584	RVIVEVCEV
2584	STFNVFVGK
2289	QLLGLIQRV
2821	GTLDYILQR
2584	KVVSIIAEL
2821	YASGRTTGIV
2289	QQDWVVQRI
2821	ATAEAQHIIYK
2821	PTMAPAGQPAPVS
2821	QQIYARQYY
2584	ATQSFSTFR
2584	LEFPAQEL
2289	RQPELPEVI
1382	REDMAALEKDYEEV
2289	GQMKMFQEV
2289	KQAQIPLAA
2821	GTLTQNEMIFK
2821	SQHIFTVSY
2584	FLLFPDMEA
2289	SSSTVVQEI
2584	KLAGLVEEL
2821	LATRALPEL
2289	HPDVAKVSF
2289	KVARAILYV
2289	VFAGVFNTF
1382	DDESDPFEVL
2821	SSFGNMIYK
2289	TNNPYDYAF
2584	SGFLLFPDMEA
2821	RLFVGSIPK
2584	KAFQEGIAKA
2289	VQRLEPVI
2289	FPAEKESEW
2821	FASHVSPEV
2584	AVAAFQVEK
2821	RAFPNKQGY
2821	LEEVGSQALVA
2584	AVLSLYASGRTTG
2289	IPEELEFQY
1382	DAHKSEVAHRFKDLG
2584	AVIPRLVQL
2289	QTSATFLRV
2289	VYISSLALL
1382	TYIPPKGETKK
1382	KAGGTKPKKPVGA
2821	LYEVSQLKD
2584	TEVSKVPSL
2289	KLLQSQLQV
2584	SVLDYFSER
1382	FATEQLSTGAS
2821	KMKEIAEAY
2584	SAADLVHFL
2584	YVADIEVDGKQVEL
1382	VELGTQPATQ
2821	GQIEGVRQM
2584	ATDYPLIAR
2584	SLAEFVQSL
2289	YVTSVILHI
2584	ALFPGVALL
2584	VDEVGGEALGRL
2289	YQTPLELKL
2821	YTENGGGQGY
2821	LSDIGSGIRY
2289	RIFEPPPPK
2289	SYTHIQYLF
2584	FVARNNSEL
2289	RQIIDAINKV
1382	SVWIGGSIL
2821	NSDINSNHY
2289	VYDLLKTNL
1382	YIFQDKVN
2821	GTYLTNEAK
2289	KVSSIAQEI
2289	RYLEQLHQL
2289	YYDLVRTEI
1382	GYSNRVVDL
2821	TQKTVTPAY
2289	GQTITISRV
2289	TSTDVSLKI
1382	FPVGRVHR
2289	RQVTITGSAASI
1382	SVYDGHGGEEV
2821	TTDSSYGQNY
1382	SDDEDDFHPNT
2821	YQKFLPLTQV
2584	LPRLPEEWS
2584	DLAGRDLTDYL
2584	SAAAALVLK
1382	FEDPRDAEDA
2821	YTDVPFHNQY
2584	KSTIGVEF
2289	FMFGQKLNV
2289	TQVLVKWLV
2289	VQAKLLQEI
2289	LQRVIDYI
2821	SSFGRGFFK
2289	QYMELFNKI
1382	NIHKRIHGVGF
2289	SMPDVDLHV
1382	WQRPSKEVEED
2584	DSLPLVDTHS
2584	KVFGDLDQV
2584	GINWAQWKGFYYSLK
2289	MWSPVHPALF
2821	LSDLGKLSY
2821	GQHVATQHF
2821	ASSAPPLTGK
2289	YYEKQFPEI
2821	SLMPSLENL
2289	TYQEVAQKF
1382	IIGGRESRPHSRP
2821	SAGPPSLRK
2289	RQITAQQI
1382	EFTPAVHA
2821	LTDPDIHVL
1382	SKERSGVSLAALK
1382	TFYKVIPKSKF
2821	TEAPLNPK
2821	TQQLLKTAL
2584	VQIGDIVTV
2584	DESGPSIVH
2289	KVKSLTQVY
1382	RNQKPEVRKAQREQA
2584	AVMNFVVRY
2289	SLLQPLNVEID
1382	DDKNGPEQWS
1382	KIKIIAPPERKY
2821	ATIQGAYAR
2289	YYIFIPSKF
2821	SSDVGHDEY
1382	KRKASGPPVSELITK
1382	KVVAGVANALAHK
1382	IESSFWNF
2289	AVLNVALRV
1382	PPKGETKKKF
2821	GQFPGHNEF
2821	TLNVSTTRY
2821	PVSIGPVGKS
1382	KLEKAKAKELATK
2584	RTIAPIIGR
2821	TAADIFKQY
2584	LSALEEYTKKLNTQ
2289	IQWIVVRI
2584	RTDGKVFQF
2289	YPDEYHGEY
2821	ATSPALFNR
1382	SDEHGIDPTGTY
1382	DEGLPPILNA
2821	LTDRELEEY
2584	KITDVIMAF
2584	AVLYQPLFDK
2289	HLDATKLLL
2289	EAAPHDIGY
2289	VQAQVQAQV
2584	REVVETPLL
2821	GQHNQSVNY
2584	SAFLLLGLFK
2289	AQALAKLTI
1382	AAAAAAAKVPAKKI
2584	LQNEPLPERL
2584	FQYPDTRYL
2289	AQYNPKLDV
1382	LNKKAASGEAKPKAK
1382	KAPRKQLATK
2821	GTSSSAASSLK
2821	SQKIETMQF
2821	AAQAHTREL
2821	ISIHVGQAG
2821	SISDKFFQK
2821	ITDSAGHILY
2289	NAMPEDIAEY
2584	SVYDHQGIFK
2289	RQLQDPLVI
2289	FPVEAGDKF
2821	SVQSASSTVKK
2821	SQFGGGSQY
2289	FPELTSHTM
1382	PFLVVRHQLLKT
2821	HSDKSRPGQY
2821	AIIDTVINY
2289	SYLDSVHFF
2289	IYEPNFIFF
1382	VELPVPIRFL
2821	NSDVSLLNY
2584	VVVDFSATW
2289	RQNTIVVKV
2289	RVSELHLEV
1382	GRNFRNPLAK
2289	RQWDYTEKL
2584	RIFQEQVEK
2821	ASGSTTFTK
1382	IALYMASQPKNK
2584	LTIDDGIFEV
2289	VYAHIYHQHF
1382	SAKPAPPKPEPKPR
1382	TGGVKKPHRYRPGT
1382	NELRVAPEEHPVL
2821	SPIPFPPLSY
2289	NQVELALQI
2289	ILSEVQQAV
2821	TTGEPATPK
2584	KIDPSTLQMW
2584	FGYSNRVVDL
2289	MQLPTRQEI
2289	KQGAFITLV
2821	GQQPTGPTSF
2821	AIQNPTMINK
2584	IVIGIIKTV
2289	YLFPGHPPT
1382	KVVEKKTKPYIQV
1382	AGRNFRNPLAK
2821	TAAETHYTY
2584	LETGKITDF
1382	NEYRQKHGVPPLK
1382	EEVQSLPLPL
2821	IVIQNPTE
2584	KINESTQNW
2584	KTLPTEAMW
2289	IQQALQQRI
1382	KFKDPNAPKRPPSA
2584	ATLGAILNR
1382	LDAAGVASLLTT
2821	GIREEEVSY
2821	TVNPQFVQK
2584	GAYKYIQEL
2821	VQFGANKSQY
2584	KVYVPTGF
1382	TGAGKHVPRA
1382	SLKEEVGEEA
2584	KSFVLPSW
2289	FQTGALLEI
2289	LPVAKDVSY
1382	KVRVELLHNPAF
1382	NYVPPKGDKKGKK
1382	FAYYHGLLGNRLWSS
2821	GTYDILVTK
2821	IALYMASQPKNK
2289	RLVEVNGVNV
1382	LPKKTESHKPGKNK
2289	KIRDIEEAI
2821	IPATITERY
2584	YVVDKAQLL
2289	IQSNFIIVI
1382	DLHAHKLRVDPV
2289	SLFPGKLEV
2289	VYFPDQHINF
1382	ADIPEVVV
2584	GVLQLGNIVFK
1382	SDNQLQEGKNV
2584	ASVSTVLTSKY
2289	IYSTAFDYF
2821	AAPKPDAAPSIDL
2584	YVLLKALAL
2289	RQAPSIATI
2289	AQSRVLLLL
1382	YQKVVAGVAN
2289	HSLSGRPLK
2289	YYEYNHDLF
2821	RQAIGLMGY
2821	GVMPPTQSF
2821	KLSEGVTISY
2289	FYDERIVVV
2821	GQRQVGVGY
2584	ISKQEYDESGPSIVH
2584	KLFEGENEHL
1382	RGNGLIKVNGRPL
2584	RLAPNFRW
2289	SQKDIVDSI
1382	VLLPKKTESHHKAK
1382	LASVSTVLTSKYR
2821	ATYSVGMQK
2821	TPEEKSAVTAL
2289	HQSGIVQLL
2289	HIAEVSQEV
1382	IAKYEIMDGAPVRG
2584	GTLDSVLRY
2584	VVTGVSVAF
2584	SIYGEKFEDENFILK
1382	IAKYEIMDGAPVR
2289	RQLEQQEEI
2584	IVDTGIGMTK
2584	GAADIDHKL
2584	FLPTILNQL
2821	GSVYITLKK
2289	RTTDIVIRI
2821	RQKAVSLF
2821	SQAPVNKPK
2821	AQAFIHNSLY
2821	ASFDKAKLK
2584	LRTALIFGGF
1382	EEIIEETKVEDEK
1382	RPKQLPDKWQHDL
1382	AEKALQEYRKKHREE
2584	AAMLDTVVFK
2584	AVAEEVNAILK
2289	RIKSQELEV
1382	KLAKKGLTPSQ
2821	LQGSPLPPR
2584	VRLLLPGEL
2821	HLTPEEKSAV
2821	SQALAIRSY
2821	ATAASNLIEV
2821	RVQGFQVEY
2584	REKMTQIMF
2289	RLLDLENIQI
2289	FPALPGSSY
2289	VKAEVQNL
2821	YVAIQAVLSL
2821	ATDGSFANK
2584	GTLASVYHK
1382	DDLGKDEL
2821	AAFDGGFTVK
2584	KSTQFEYAW
2584	RLSDFTIQK
1382	PEPAKSAPAPKKGS
1382	GLSEDTTEETL
2584	IGQFGVGFY
2289	YYLTDNLTF
2584	SIFDGRVVAK
2821	TLQRATGISF
2584	MDISVPKL
2289	RVPSINQKI
1382	KPHRYRPGTV
2584	GEVLISRV
2584	ATSLGHFTK
2584	GIIQHIEAL
1382	HDGHDDDVIDIEDDL
2821	ANSKVAFSAVRSTN
2821	PQKIAGELY
2821	ITDHGSLIY
2821	TQMPAGNVF
2821	DENPVVHFF
1382	DDAIAELDTL
2821	DALTNAVAHV
2584	GVVEYIDTL
2289	KYINTDAKF
1382	SDGLAHLDNLKGT
2584	GVIPTLVKL
2289	QQLKYAVQI
2289	RYASINAHL
1382	LNISPFSFG
2821	AYGFRGPGPQL
2289	RQVDLSVHA
2584	KSIEEIVSF
1382	PLKTSPLQ
2821	LPSEIEVKY
2289	KQKEVEQLI
1382	AIRHPQYNQRTIQ
1382	VLSPADKTNVKAAWG
2821	KVFGATTNY
2584	SETGAGKHVPRAVF
2289	VYNPVIYVF
1382	HAHKLRVDPVN
2821	TPGGTRIIY
2821	STIFYYVQK
1382	ASVSTVLTSKY
2289	RVKTNLPIFK
1382	ALEKDYEEVG
2584	RIISEINRL
2584	SVLQLGNIVFK
1382	TRNPQTARQAHL
2289	HPDVEVDGF
2289	VQPRNWLLFA
2289	PYLDSFYEY
1382	FEGFPDKQPRK
2821	STVSQPNLK
1382	VDTHSKRTLLIK
1382	VFHTNRGPIKF
2289	KVKDILQNV
1382	GKILGFFF
1382	VQTKGTGASGSFKL
1382	DDLLNRLEDL
2821	AAMPRPVSY
2584	GTTAVFINK
2289	AITSVQQRL
1382	WVQKTIAEN
2821	HQKQISSL
1382	RDLPSHTKIKY
2289	NVSVQGIIIY
2821	LLIENVASL
2821	ATAIGMPVEK
2821	SSNIFTVAK
2289	FPDEGILAVY
1382	GFGYGGRASDYKS
1382	TLTFNRTRQAVITK
1382	KSIRDTPAKNAQK
1382	TGVFAPRPSTGPHK
2289	VQNTATLEI
1382	ASSKDAIKKKLTG
1382	LDAAGVASLLTTA
2584	ATFGTQVVEK
1382	YLRGGAGVGSMTK
2584	VVADISVAK
2584	RQFQELNEL
1382	KNIVTPRTPPPSQGK
2821	AVFDGAQVTSK
2584	YASGRTTGIVMD
1382	SLDKFLASV
2289	SQTDLSQTI
2584	VVINVNNILK
1382	ASFIRKASDV
2821	TSAPPLPPR
2584	SLADIAQKL
2289	FLDLTEQEF
1382	DDTDDEIAKY
1382	RDNIQGITKPAIRR
1382	LDFGSLSNL
2821	AVAEDGGLKK
2821	ATDIPSSQK
2584	FVIRNIVEA
2821	AQYLINVRL
2289	SYSPYAFKF
2821	AVYTKMMTK
2821	FSEQVAMGY
2821	AAQPPAPPR
2821	YTDKIMTY
2584	AVFPDDMPTL
2584	READFFWSL
2289	GQTFTTQAI
2289	RQGPNANLV
2821	SSAVTSVAK
2821	SVTGSAVSK
2584	RTIFPLFMK
2821	SQAESKVFY
2821	AQNPSGETAF
2821	FTDPGQVAY
2584	VDFVIPKEL
2584	KQYGFFSYL
2289	AYEHKFYEI
1382	VGDEAQSKRGILTL
1382	LLPKKTESHH
1382	LGEKGKNIKIISK
1382	LDDFQKKWQEE
2821	AQKLLEQY
2289	PENFRLLGNVL
2289	FQNNVQVKV
1382	INGGSHAGNKLAM
2821	SQFGKTLSVK
2584	NDIVVKVL
1382	FEQEMATAA
1382	YQLNDSAKY
1382	VGGEALGRL
2289	LPESTHVEF
2584	RSDTPLIYK
2584	FIKFDTGNL
2289	VLPVRYFYL
2289	GQFKTYAI
1382	AAVLEYLTAE
2821	KLGGRDSRSGSPMA
2584	RGVLKVFLENVIRDA
2289	AQYEHDLEV
2584	KSVTLGYLF
2584	STYYGSFVTR
1382	GGPKFAAKPHNPGF
2821	VMFPGNSPSY
1382	NRPGTVSSLKKNVGQ
2821	VTISTSPPK
2584	REGQVEVL
1382	KPPAKVEAKPK
1382	FEDDDSNEKL
2289	SQARAQFSV
2821	LTDTNNIAY
2584	SQKDILEQA
2289	WQAKVPQI
2289	AQYFEPLTL
1382	AVGKNKRLT
1382	DQNPAEPEEY
2584	VFVDRTLDL
2584	RSGGLLQLW
2289	SQTIQPKV
2289	VYAFNLDTF
2821	GVMSPPLSR
2584	AVLDFVKQK
2821	ALYSGVHKK
1382	EFEDMVAEK
2584	REIQTAVRL
2289	GVYPGHRPGL
2821	SVKPASSSF
2821	VTDSIRDEY
2289	SFITSSWTF
2289	LQSDVRLLA
2584	HEAEPVRTL
1382	LEEVGSQAL
1382	VAIGQKRSTVAQLVK
2584	SVVSDILFK
2584	SLVSPASFENV
2289	NRPNLYYEV
2289	RLSDAQIYV
2584	QAQEVFFLK
2584	LGMEGANSIFSG
2289	QQSIERLLV
2584	SVFGTMPLK
2289	MPYLEHESF
2821	ASFPKKQE
2584	KVIDGLETL
2821	HLDNLKGTFA
2821	VAGVANALAHKYH
2821	ATSLIQAAK
2821	LETPAPQVPA
2821	TTIEYVTQR
2584	AVYLLPVPK
2289	FVGPSRYL
2289	TYLDKVENI
2289	AQFPESFTV
2289	YPELLVASY
1382	AKGLADKKISPK
2289	FPDEPYKDGY
1382	FTEAESNMND
1382	ALKRQGRTLYGFGG
2584	STYFTGILQK
2289	SYLPISPTF
1382	RDNIQGITKPAIRRL
2584	FETIVKQQI
2584	SQRLVFNRPFLM
2289	MPLEDMNEF
1382	PDPAKSAPAPKKGS
1382	SVHQLVENTDE
2289	KQRPSEERI
1382	LLPKKTESQKTK
2821	LTDRGVMSY
2584	FVPQFISQL
1382	GGVLPNIQAV
2584	EEFSYGYSL
2289	AQSTSIQRI
2821	SAAFPGASL
2821	ATDPNILGR
2584	SIFEPAKGGEK
1382	HQPDDKKKNRGF
2821	NSDSQAAAHY
2584	RIFQEQVEKL
2289	AQYRGILEA
2821	GMQRATNVTY
2821	MTDPSKNLGY
2584	KETEVFYEL
2289	GQSVHFQTI
2821	TVDNVHLEY
1382	FEQEMATAASSS
2821	SVLINKKVDS
2821	SQITFLHVY
2584	SVSTVLTSKY
2289	YPSNIFISF
2289	YYARIGDNL
2584	GVDSSIFQNPK
2584	ATDPNILGR
2289	RQPDSGISSI
1382	AHKLRVDPVNF
1382	SDLHAHKLRVDPV
2584	IAVHVVPDQL
2821	GQIGMIQAL
1382	SHGSQETDEEF
1382	SQLRVAKVTGGAASK
1382	PEEVHHGEEEVETF
2584	VSVAVVPKF
2584	AQADLAYQL
2584	VQTKGTGASGSFKLN
2289	ALLRYVLSI
1382	TVIVKGPRGTLR
1382	KDPNAPKRPPSAF
2289	GVSDVELRV
2821	TSFDGSLIQK
2821	KLKEMAEAY
2289	YPEENRIFY
1382	AEKLGGSAV
2821	GSIEINIKK
2289	FPELYDFAL
2821	FGDLSTPDAV
2289	FYPAIADLF
2289	AQVPAQLLV
1382	MGNPKVKAHGKKV
1382	AIRNDEEL
1382	AVLLPKKTESHHKAK
2584	SEITTKDL
2584	GMEGANSIFSG
2821	SVSGYIYHK
2821	AAQDSTDLVAK
2821	GTQPGPLLK
2289	YYEHVKARF
2289	RYTIVQQQI
2584	KESSTVFEL
2584	ATFTNVFVK
2584	FIPPLTDLL
2584	ASLEATFVK
2821	TVIDEVRTGTY
2821	QISEVVVVK
2821	KIKSFEVVF
2584	KVQELQNLLK
2289	KQFGVAPFTI
1382	PRKIEEIKDF
2821	ATATELTTK
2821	SVSDLAPPR
1382	ITKAVAASKERSGV
2289	QYLPSPPLL
1382	VMGNPKVKAHGKKV
2584	KINTESSLW
1382	LLPKKTESHHKT
1382	APPGGRANITSLG
2821	SVSNMVHTAK
2289	HADGTIVRY
2289	VPLDERIVF
2584	ATAASSSSLEKS
1382	SKERSGVSLAALKKA
2821	KAVNPGRSL
2584	DLAGRDLTD
2584	YDEIKKYT
2584	VIYPYVYEK
1382	DDPPDWQEIL
2821	FDEASKNEAN
2584	VIFTGGVGK
2289	HQAAIVSKI
2289	FPQYPDKEL
2289	ALTSVLTKI
2821	PTDTNVLRY
2584	LRLGFQEF
2289	LPAREATQF
1382	LGGRDSRSGSPMARR
2584	ATDKSFVEK
1382	GHYKGQQIGKVV
2821	GQYSTGKTSF
2584	AERVGAGAPVYL
2584	KFEDPKFEVIEKPQA
1382	ILPVPAFNV
1382	GDFRADDADEF
2584	GSVDGFIEVW
1382	EDVQPHDLGKVGEV
1382	PPQYPVVPVHLDRII
2289	SQAIIRLLV
1382	FLSFPTTKTYFPHFD
2821	EDIISFIK
2821	GKLTGPNNQ
2584	FISDIANDAL
1382	AEKLGGSAVISL
2821	YASGRTTGIVMD
2289	LPAPGDDVL
2821	SSDPQAQKY
2821	EPTAAAIAY
1382	FDEGLPPILNA
2821	LPSGSDHVM
2584	ALTNGIYPHKLVF
2289	IYSTKLYRF
1382	KGKPELRKKVHPAV
1382	VTGGAASKLSKIR
2584	STDPAAPNLK
2584	SVITQVFHV
2289	FPSSNVHVY
2289	RYISQPPLL
2289	LPEAAINDVY
2289	LPDARDPAF
1382	VLSPADKTNVK
2289	IQTAVRLLL
1382	VHLTPEEKSAVT
2821	NQKPPSAEF
2584	YKLSPLFGIY
2821	ATSQQPLRK
2289	VLYDRPLKI
2821	EISTLVQK
2289	IYDPNLAFL
2821	SGRTTGIVMDS
2584	GEFIIGRVI
2289	KLFTQILRV
2289	RLPGEAQKI
1382	KEKGKFEDMAK
1382	KDDTDDEIAKY
1382	GHYKGQQIGKVVQV
2584	SIFKQPVTK
2289	SVYDGKLLI
2289	AVHNVPLSV
2289	EQVKIPLSV
1382	HDSFLKAVPSQKRT
2821	AVDPTSGQLY
2584	KVMDEVEKA
2584	RVVDLLNQA
2584	KSAVTALW
2289	FTTDVQLGI
2821	SVNGKVLSK
2584	KLIDKLDSL
2821	AVAEEVNAILK
2584	QIFNGTFVK
2289	FYPPKVELF
1382	RIEEELGSKAKF
1382	VALRNINL
1382	DDEEAEEKAPV
1382	EDTTEETL
1382	SDDLDDLNFF
2821	AQRSTETALY
2821	ATYGKPVHH
2821	LTEVNKAGTQY
2289	YYTPITPHL
2821	SVSLPSVKK
2584	SLIGHLQTL
1382	EGAELVDSVLDV
2584	IQFNPPLSEK
1382	SKIPLIKKATGVQV
2289	KVKTPEMIIQK
1382	FATEQLSTGASQ
2821	VQNKNSSYF
2821	YANSKAVTL
2584	VVVDPIQSVK
1382	HDKQYKKAHLGT
2584	TRILKHGAKDKDD
2584	CTEMRYISW
2289	AYLESFYKF
1382	FGANANRKFLD
1382	RFTQAGSEV
2584	FSLVSPASFENV
2584	SVLNLVIVK
1382	SLQMDPEYRVRK
1382	KAGGTKPKKPVG
2584	KEHVIEAL
2821	GQPQAPMGSY
2584	GSAKVAFSAIRSTNH
1382	YDYHDYRGGYEDPY
2289	AQIGSYVHV
1382	KAGAAKAKKPAGATP
1382	LEKDYEEV
1382	HLTPEEKSAVTAL
2821	AQQLQGQQF
2821	YASGRTTGIVM
2821	ATYGLNVER
2584	GTFPGNYVK
1382	FKRELQPSEEVTWK
2584	KSADWVSDW
2584	TIPEIIIKV
1382	AAPAPKAQKGQKAPA
2821	SQAPTSGKY
2821	DTSRPLGDSMY
2821	VTAEAVAVLK
2821	LSDQTKEKE
2584	FIPDFAVAI
1382	TVLTSKYR
1382	SIGRFFGGDRGAPK
2584	AQAQEVFFL
2584	NEFLTREL
2584	YQTEIGQTL
2289	AYMPHTFFI
1382	AIKQINLQKQPK
1382	LDNLKGTFA
2584	VAIQAVLSLY
2289	NQTPVTLQV
2821	GQSEIASMLY
2821	ATDFAPGFQK
2584	SAFGVIIEK
2289	HQALQAEI
2289	MGDAYVIVY
1382	SWGAEGQRPGF
1382	GDVGQTVDDPY
2584	ATVAVPLVGK
2584	QEFAGPSGKLSL
2584	SILSSLNLK
1382	LPKKTESHKPGKN
2584	SIYGGFLLGV
2289	AYPHNLMTF
2821	QSDPTQSGMY
2584	ATAIDIATSK
2289	SQNKSYLAV
2289	VYVKDLSSF
2584	FVELGTQPATQ
1382	VMGNPKVKAH
2821	AQSHLVTGY
2584	ASFEPFSNK
1382	KAVDKKAAGAGKVTK
1382	YASSKDAIKKKLT
2821	AQFPSTSGGSGY
2289	SQFVRPLIA
2289	HVSTVKLLL
1382	FGFRTHFGGGKTT
1382	FEIITADEV
2821	ASYPSGSGKPK
2289	LFDITGQDF
1382	KGKGASGSFVVVQK
2821	STINWGGTEK
2821	RVSAIFVGK
1382	HYGSLPQKSHGRTQD
2821	TAAPPAQPL
2821	NLDSQRLQY
2584	KSLENAIEW
2289	NYLSHHLTI
1382	LVKAGQAVDDF
1382	YNELRVAPEEHPV
2584	STFQQMWISK
2584	GLFEVGAGWIGK
2584	AEYTAKIAL
2821	TLQVVTAHY
2584	WVVKSTPASLAL
2289	KYLEETNSL
2584	KTIGGVALW
1382	DAIKKKLTGIKH
1382	SGPPVSELITK
2821	LIKGSVAGGAVY
2289	VYQLRFQFL
2289	FPEIHVAQY
2584	RSDPGHYSF
1382	VGQTVDDPY
1382	DEVGGEALGRL
2821	LDNLKGTFA
2584	YAYDGKDYI
2289	ALASEPLKV
1382	VQTKGTGASGSF
1382	SWGAEGQRPGFG
2584	FTLGNVVGMY
2289	LPDLEGRTHIF
1382	KNIVTPRTPPPSQG
2289	TAEEAVAVY
2289	LPLQDELAF
2289	LPEADVAVF
2821	KSDSGKPYYY
2821	YTDQFSRNY
2584	TVVDALHEI
2289	IYGSVWEKL
2821	HPSGATPTL
2821	VQRPQVVEY
2584	PGLARQAPKPRKQ
2584	AQIENSAAVQK
1382	GRTQDENPVVHFF
2584	HAGEYGAEALER
2289	FQSSAVMAL
2289	HVNPLPTGYEHP
1382	AAHLPAEFTPAVHA
2821	STIASSSSSQLK
2584	KELIQKEL
2584	GEYFAIKAL
2289	VYISEHEHF
1382	TPQPKKAAKSPA
2584	KLFGMIITI
2289	QQSKVSIEV
2821	ATFGTQVVEK
2821	KQFEGSTSF
2584	RVVDLITNL
2289	SYMATFYEF
2584	YLPAVDEKL
2289	YSSPEILRV
2584	FAGDDAPRAVF
2289	LPAVESTTY
1382	IPPKGETKKKF
1382	LDEEEEENPDKASKF
2289	KTKSVVLQL
1382	EIITDRQSGKKRGFG
2584	FEEMRKAGIFQSVK
2289	VLLPAKLEV
2289	VYDELFYTL
2821	RTGDGIVQK
1382	DEKKKGPKVTVK
1382	IIAPPERKY
2584	RIAEFTTNL
2584	ATPFLVVRHQLLKT
2289	YYPVVPGKYVV
1382	YVDWIRSTLRR
2821	SVQGAGTSY
2821	AQDQTQDTQL
2584	SADKTVALW
2289	RISDVHFSV
2289	FLVGTVLII
2821	GQDPARSVTF
2821	IQRQETISL
2584	KTIDYIQFL
2584	SVMRLTISY
2584	SQTDLVSRL
2289	EYIQFVPLL
2821	STSGPPTISK
1382	KRPSQRHGSKYLATA
1382	VSKGTLVQT
2821	ATASPPRQK
2289	KYMDVQFDF
2289	FYDPDTVEL
1382	GKVKVGVNGFG
1382	DLHAHKLRVDPVN
2289	FRFPAAVVV
2289	VYLSNVVLF
2821	AQIKEMVEL
2821	TQRSQQLEF
2584	SLAELVHAV
2289	VYNENLVHMI
2584	SVSGYIYHK
1382	YKVLKQVHPDTGISS
2821	ATKSPTAEEY
2289	VQQYIQQNI
2821	SQMGKPVSF
2584	SIPDVNVNL
2289	SQFSGKITV
2584	SVFYGAPSK
2584	YLKEILEQL
2584	SSFSGLLRK
2584	GEIINTHTL
2289	IIFETPLRV
2289	YQNQGIYQV
1382	RKRYAHLSARPADE
2821	RMNPNSPSITY
2289	VADPYVVIM
2584	YEYKFGFEL
2821	LSLENLEKI
2821	ATFPDPNVK
2821	DQLSQLPEG
1382	IQLDGLNA
2821	NVIRDAVTY
2584	SDIQVKEL
1382	ADEDEAQAF
2821	NLQNVDMKIGV
2584	YVAELIQQL
2584	IESSFWNF
2821	AQQIQKVVM
2821	FAYDGKDYL
2584	VEFDEVDSL
2289	FQHGVIAAV
2821	YTDENQHQY
2821	SVSIPSITK
1382	PYEIKKVFA
2584	ISVKEFIDW
1382	KLNYKPPPQKSL
1382	GASGSFKLNKK
2289	TYMETYVYF
2821	QQKSTNVVY
2821	GQVKKETRY
2584	MLMPKKNRIAIYELL
1382	FSETGAGKHVPRA
2289	YYPEHFTLL
2289	HYTIVFNTF
2821	AVMGAYVLLK
2821	ATDPVTGDLY
2821	ATVTKAPKK
1382	DDEEAEEKAPVKK
2821	GQAGMHATYY
2821	DSDMQTLVY
2821	HQNLIATY
2289	MPQVAPDLY
2584	TLISELVQA
2289	HQESYPLSV
1382	AAKPKVVKPKKAAPK
1382	AVFPSIVGRPRHQGV
2821	YQVGINQRF
1382	TDVVATLKKIRRY
2821	TTQPAIVVK
2289	HPDEKSIITY
2289	KYQIINEEF
2289	QYESKVFYL
1382	HAHKLRVDPV
2821	STIGETSKK
2289	LPVVSSLADVY
2289	LYEGNTYEF
2821	ATYETKESK
2821	SVIIPIKKL
2584	AAVLEYLTAEI
2821	EVIEKPQA
1382	KIIAPPERKYS
2289	VQSPAQQQV
2821	KTQGSETAGPPK
2821	PQGAPTSFSNQM
2584	KFVDILTNW
1382	DKQYKKAHLGT
1382	SGYPTIKILKK
2289	GLFPVQQQI
2289	VQRDADIGV
1382	KEGEEAGPGDPL
1382	AFRPRPNYF
2584	RASDVVLGF
2584	KVIGAGKSW
2584	AVIVLVENFYK
1382	DLHEAGGEDF
2821	GQRFLEVQY
2584	KIFEDIPTL
1382	GIVVNKQVKGKILA
2584	FLSFPTTK
2584	FIFSDTHEL
1382	EDLDTNADKQL
2821	ESSIQGLRIM
2584	LVVYPWTQRFFES
2584	IGGSILASLSTF
1382	TGASGSFKLNKK
2584	TLIEDILGV
2584	RNLPFDFTW
2289	QVARAVLHV
2821	NAKDVSVSY
2821	VVQEPGQVFK
2289	HAAGVLLHV
1382	FTLGNVVGMY
2584	KANPGYKW
2584	LASVSTVLTSKYR
2289	KLLEVQPQV
2821	STLGYTISR
2289	KIIDIQEKV
1382	LPKKTESHKAKS
1382	VLKQVHPDTGISS
2821	GYLPNQLFR
2584	IIIPEIQKV
2584	FQYDHEAFL
2821	YQNDKITQL
2821	YTELEAIMY
2821	ATSPHVNNR
2289	NYIEFTRIL
2289	KQYVTSLLL
2821	YPAPQVSTA
2584	KTSLDEALQW
2289	KLFQGQLVL
1382	DGKWEVEEM
2821	MQKEITAL
1382	ALDANKKKRAPVPV
2289	SYLPLAHMF
2289	LYDLVTEKM
2584	GTIGLIHAV
2289	VQFFQGLEI
2289	FPEGLFYEF
1382	VGGSTRIPKVQKL
2584	KQSSVAEEV
2584	GMEGANSIFSGF
2584	SQFSYQHAI
2289	TDPENGHIFN
1382	LITNDEAY
2584	FYAHIIPFLG
2584	SENPGEISL
2289	LYNDSFHEI
2584	TTIEYVTQR
2289	RQLKLPQI
2289	AQYLINARL
2289	LYPSTLFLL
2821	FPSIYDVKY
2821	ARLQTALLV
2584	SVYGYGVQK
2289	YVYEYLLHV
2289	VNPLPTGYEHP
2289	TYISWKEEL
2289	RQYPWGVVQV
1382	KQPVAATRTAVR
2584	FLADPSAFVAA
2289	YYLQGGFNKF
1382	IKIFHGLKSTDV
2289	IPYFRDEEL
2821	AQNPSLFVK
2584	AQFEESMIAA
1382	TDDEIAKY
2821	SQVVAGTNY
2289	IPDALGLVEY
2289	HVSDLEYRI
2821	KTISQAVNK
2821	STSENITQK
2584	FLSFPTTKTYFPHFD
1382	AQDQTQDTQL
2821	FQAAKIITY
2821	GQSSPQRSY
2821	AQQKNLEGY
2821	TLNERFTSY
2289	NYTLVSHLI
2821	AAHLPAEFTPAV
2821	ATALGIPSGK
2821	TEAESNMNDLV
2821	APPGGRANITSLG
2584	VTTVVNPKY
1382	SAKKVKTPQPK
1382	YDVEKNNSRIK
2584	LGSALRPSTS
2584	YQKVVAGVANA
2821	VTQSEIAQK
2289	FRFEEPVVL
1382	AKPAPPKPEPKPK
1382	FGDLSTPDA
2821	IQFNPPLSEK
2289	VYTYIQSRF
2289	SYMGHFDLL
1382	GIIKTNKKTGQPMIN
2821	FATEQLSTGASQ
2821	IPAAVKLTY
2821	ASVFGTMPLK
2821	FDLSHGSAQV
2821	DEVGGEALGRL
2584	GVYDVVELK
1382	MPKKNRIA
1382	HAHKLRVDPVNF
2821	SVLNLVIVK
2584	VARNPPGFAF
2289	SQVDQLLNI
2289	KYISKPENL
2289	AQYDGAYKV
1382	ASVDLKNTGREEF
2584	REKIVEVMF
2584	STNSFALNK
2584	HVLEAQDLIAK
2289	YYVNGTYRL
2584	ASVAWAVLK
2584	SSVTGNALW
2289	YYIRGATTTF
2289	RPAPVEVSY
1382	AKPKKAPKSPA
1382	DIDGDGQVNYE
2821	ISDSSGVMVY
1382	SNVLAAMRKAAAKKD
2584	STVGAGAYAYK
2584	VVAGVANALAHKYH
2584	KYPSPFFVF
2289	LPDEIYHVY
2289	MPHPETKKDLY
1382	GAGKKEHTGRLV
2821	DTDHYFLRY
2821	STDPEALHY
2289	QYASAFHFL
2821	TSDDHVIQY
2584	AAVLEYLTAE
1382	EEGKGDLEEY
1382	TKKDLKDYFSKF
1382	STGGKAPRKQLATK
2821	VSDKGNLMY
2821	DESGPSIVH
2289	LYGKIAEAF
1382	LNKKAASGEAKPKV
2821	FTDPGMGNLTY
1382	FQTNLVPYPRIHFPL
1382	GKVNVDEVGGEAL
2584	HTMEFALVK
2289	EQDPTNLYI
2821	GQYGNPLNKY
2821	IGTGATGATLYL
1382	TVRVRGGNKKY
2821	VSDPSSPQY
2821	IVTPRTPPPSQ
2821	GMEGANSIFSG
2821	SSNSYAIKK
2584	VAHVDDMPNAL
1382	GGPKFAAKPHNPGFG
2821	FTDKELLAY
1382	IKIIAPPERKYS
2821	SSAPPLTGK
2821	RVQPKVTVY
2584	SLGSALRP
1382	VGDVGQTVDDP
2584	KELEEEITL
1382	TGAGKHVPRAVFV
1382	MRKAGIFQSVK
2821	GYSNRVVDL
1382	REEHKKKHPDSSVNF
2584	KIIDFIYTA
2289	TQNSFELQI
2821	MMDPNSTQRY
2821	GVVEKNNPK
2584	GTGASGSFKLNK
2584	HSGPFFTF
2289	ELSRIVLEV
1382	KAKAAKPKKAPKSPA
1382	SLVSKGTLVQTK
2821	SVILPILKK
2289	TRANHLNKL
2821	RQQPPSTTTF
1382	MGNPKVKAHGKKVLG
2289	PYYPSPGVLF
2289	YYDPHQATF
2289	HQVFDYPQV
2289	ILPPLSPYF
1382	KFKDPNAPKRPPS
1382	ATPFLVVRHQLLKT
2289	HYDYIDVEM
2289	LYDTIFQIF
1382	TDQAQKAEGAGDA
2584	LLIENVASL
2584	SVLPWIILH
2289	RQEDLIMKV
2289	AYGNVFSAF
1382	GAGKHVPRA
2584	RAFDEWWDK
2289	SQTDGTLKI
2584	SVELPIVGK
2289	QVSSLVLHI
2289	QQAAIPIQI
1382	TTVKNKDIRKF
2821	GQKQYNVDY
2584	AQSEIHLQV
2821	RVQDAFAAAK
2821	STQPGLVPGK
2584	AEKAYHEQL
2584	KTLDSALFY
1382	VDVSKPDLT
2584	RMNEVISLW
1382	VSRVGSAAQTRAMK
1382	TKGTGASGSFKLN
2821	AVTAMKSRP
2584	FAFEHSEEY
1382	LLKKKKGDLDTAAVK
1382	FESFGDLSTPDA
2821	GQYSTGKTTF
1382	AAKPKKAPKSPAKA
2584	GSALRPSTS
2584	LVADFMAKK
2584	YFGSAFATPFLVVRH
1382	ATETVRSIL
2821	SVLLFVTKK
2584	LVRPHIYGYAVK
2821	HQFLQNEY
2584	YSESLVHESW
2289	YISEHEHF
2289	AQKELEALI
1382	IQQATTVKNKDIRKF
2821	VPVDVVVNM
2584	AIFDRVLTEL
2289	KTKEGVMYV
2289	ILYQGKLFV
2821	AQAFIHNSL
2584	VEKEFEPLL
2584	QISEVVVVK
2584	RVIIFDASW
1382	TYVTPRRPFEKSRL
1382	GKGDPNKPRGKM
2584	GEFRAVTEL
2584	ITDGSTPINL
2289	QYAVLLNRF
1382	LSHVVSQHQAL
1382	FNEYWRLIGELAKE
1382	SGSFKLNKK
1382	MLMPKKNRIAIYEL
2821	AQGNVYHLK
2289	TYMKDLYQL
2821	GVDAQGTLSK
2821	VSYSHIQSK
1382	PTTKTYFPHF
2584	QVEEIFNLK
2289	IYQKAFEHL
2289	VQVRVSPSV
2821	ASVNQDIAYY
2821	ATYYGAFIKK
2289	SQLQTRQQI
1382	SSKDAIKKKLTG
2584	TLADIIARL
1382	NKRSTITSREIQ
1382	GKEESLDSDLY
2821	ATIIDILTK
2821	PSLSHNLLVD
2584	KEIFLRELI
2821	SQNRVAEF
2584	GTLDYILQR
1382	AAAEIDEEPV
1382	RLFPDFFTRVAL
2584	NVLPVFDNL
2289	RYQTQPVTL
1382	FEEMRKAGIFQSVK
2821	AVFGVPASK
2821	GQNAQTMAY
1382	LPKKTESHHKAKGK
2821	YVSKGLENID
2584	WERLAVLV
2289	FLLDKALLI
2821	AQRDAQELY
2584	GFTLGNVVGM
2584	GEFADPFKL
1382	VDLEPTVIDEI
2821	AQNRGVSSSF
2289	GQWASVIRV
2821	AQINSVFNK
2584	AIVAYGLYK
2289	GLIQVPLKV
2584	KSFDFHFGF
2584	TVVDENAVAKI
2289	QQLGLKQQI
2289	RYINNPLLI
2821	STSNSFNLK
1382	SEDTTEETL
2821	SVQSDQGYISR
2584	SVSNVVITK
2584	ESGISQALLEL
1382	KVVAGVANALAHKYH
2821	YQKVVAGVANA
1382	YQKVVAGVANALAHK
1382	TGAGKHVPRAVF
2584	STIGVDGSVYK
2289	NPLPTGYEHP
2289	EYLIVFPKL
2821	QGYTQPGPGYR
2821	GQKLEPLAY
2584	FRLLGNVL
1382	IENEEQEYVQ
2584	SIFDEPLERV
2584	VTNVTSLLK
1382	SEIQEEKPEPV
2821	ATGPPNTSY
2584	GTLSSWNLK
2821	KNLQTVNVDEN
2289	SQLILQKL
1382	KAKAVKPKAAKPK
2289	ALTSIAQKI
2821	AGKMITAAY
2821	SVMYPVDSVK
2584	RFVNVVPTF
2584	GEGLIIVKM
2584	RLLPFLGVLAL
2584	GQSELASRL
2821	VSMLNVYLK
2584	RLPEAIEEV
2584	EEIAFLKKL
2289	FRVGNVQEL
1382	VHLTPEEKSAV
2289	NYSNIRFQF
2584	KQMEQVAQFLK
2289	RYIPTAAAF
2584	KVIGIIEHL
2289	IYLRDSTEF
2289	AYVVKVFSL
1382	VSEGTKAVTKYTSSK
2821	HQVVVAKY
2821	QMSNITVTY
2584	RVAPEEHPVLL
1382	VAKVTGGAASKLSKI
2289	SQSSVVYEI
1382	SGPSIVHRK
1382	SDLHAHKLRVDPVNF
2821	SVQRYVINH
1382	LADHANSPNKKFYQ
2821	AQNPANMSKY
2289	FYLISPSEF
2289	IYPPINVLPSL
2584	YELPDGQVIT
2821	AVSAVVHEY
2289	SPDPLPVRY
1382	KAGAAKAKKPAGA
2584	RVFAAESIIK
2584	FLPITPQF
1382	EVIEKPQA
1382	GGRESRPHSRP
2289	TPDEIDHVF
2821	ASVSTVLTSKY
2584	SILPAIFQK
1382	IEQVDKEDEITEK
2584	ILFPHQPLS
1382	RVVDLMAHMASKE
2289	FQTILTEI
2821	VTASKAIIEK
2584	RVSAIFVGK
2584	FRDGDILGKYVD
2289	SQPSEYYLF
2821	STVEKIAMK
2584	FDVTSRVTY
2584	KASESFLL
1382	VLGKGKLPKQPV
2584	SLITRLLEV
2289	RQTVAVGVI
1382	KRSTITSREIQTAVR
2821	VLAEVAQHY
2289	KQAAVVQVL
1382	RIKEDEDDKTVL
1382	VFRRFVEVGRVAY
2289	SQVTFPIRV
2584	NETSVIHSL
2584	HAGEYGAEALERM
2584	SILNYVIYK
2289	KLPVIFAKI
2289	ARTLLVFEV
2289	SQVKSKLQI
2289	TQSGSLLFI
1382	ASVSTVLTSKYR
2821	YPDRIMNTF
2821	HTDVGLLEY
2821	TVGGTAYAIYEL
2289	IFDGNVAHI
2289	LYEEAFTVF
2821	STLPKPVQK
2584	FVIEEVPGELM
1382	YRKLLEGEE
2584	SLMHSFILK
2821	ATDLTREVY
2584	IGELYLPKFSISR
2584	SVSQINHKL
2584	PSLSHNLLVD
2821	SANTAAFAK
2289	AQASIKQLV
2289	YYQNYFEKL
2821	GVDSSIFQNPK
2289	MPAPEIVSY
1382	FPSIVGRPRHQGV
2584	GTFSTVTSTVK
2821	GTYAPAEVPK
2584	STLRELGQTW
2584	AVQQPFINK
1382	SHNPETKKTRV
1382	NKTIAPALVSKK
1382	IDARDEELEKDT
2821	NAAKIFNLY
2289	AFDVAEREF
1382	PEPSKSAPAPKKGSK
1382	GHYKGQQIGKVVQ
2289	LRINAIYEV
1382	KSSTPEEVKKRKK
1382	DDMEKIWHHT
2821	GDLSTPDAV
2584	KLAEGVQLL
2289	SQKDIEQSI
1382	AALEKDYEEV
2821	LQIGVKSEF
2821	GQNVLTVRY
2584	GEHGLIIRV
2584	FLGASLKDEVL
1382	LPKKTESHHKAKG
2821	GTVRIGVAK
2821	PEIINSNQV
2821	TAYPGQTQY
2584	KIFDEILVNA
2821	VQSMDVAAF
2821	ATAMVTEQK
2584	ASSHVPIQK
2584	SSLSLFFRK
2289	LYIVHPTMF
2289	KYQEVTNNL
2289	YYITTRAQF
1382	VASFPKKQE
1382	GLSDGEWQLVL
1382	KVVVSPTKK
2821	AEGQRPGFGYG
2584	RLPEIYIQL
2584	RSFPGFQAF
2289	GQFIGPHRI
1382	SIKNIQKITK
1382	SDNEEDSKIEL
2821	SQVDSKSTF
2821	TTEQHGARY
2584	FAFPLHVDY
2289	AQILGPLSI
2821	YAYTGRLEL
2289	ILAPVVKEI
1382	GGKAPRKQLAT
1382	PKFEVIEKPQA
2289	GLNSTALKI
1382	NEATGGKYVPRAIL
2289	WLSRTQTAI
2821	KTETPIVSK
2584	HLPAEFTPA
2289	FPEAEKLVTY
2289	VLREIQDAV
2821	RTNSPGFQK
2584	HLAPYSDEL
2289	SLNPDIITGFSS
2821	DASKVVTVF
2289	FYDTTNHFL
2289	VYMDWYEKF
1382	DHIEVSDDEDETHPN
2821	SVLDKSLTK
2289	RYLDKTEQW
2289	KLFIGGLNV
1382	KKQEAKKVVNP
1382	NAAIAAIKTKRSIQF
2584	SQFKGYFIFK
2584	GVIDLIFEKA
2289	ILDGNQLHI
1382	STITSREIQT
2821	LQKANQEQY
2821	HQVTVAQSY
2584	FTPPVQAA
2289	RAGSIVLKV
2821	SVFQTTDTK
2821	IQINPQNKADF
2821	AAMLDTVVFK
2289	LQNADPLKV
2289	TYLTSIPSL
2289	RVADVIAQV
1382	NEDLADSDARAL
2289	HPTAFVVSY
2821	IGTGATGATLY
2584	RVAQLLERW
2584	RVVSEIPVL
2289	SQARFGQSV
2289	YFDPANGKF
2821	YMIDPSGVSY
2584	ASQELWLNH
2289	SQTFVNPHV
2584	ALADGVQKV
2584	LVFPSEIVGK
1382	LRVAPEEHPVL
2289	GQDVSILEI
2821	SVQRSTPNR
2821	QQQQPQHAF
2821	ATGNVVVMK
2584	STLHLVLRL
1382	KVKTPQPK
1382	HYNKRSTITSRE
2821	YVDPVNKVL
2289	AQFKGTQSL
1382	PSIVGRPRHQGVM
2821	STAQKAIGK
1382	SDHAHLEHITRKRSG
2821	ITVGVDGSVYK
2821	AVPQFPSAQK
2584	RTVNLKSATW
1382	AAKPKAAKPKAA
1382	LIVIQNPTE
2821	VQIDITRVF
2289	AETAVQLFI
1382	KRPSQRHGSKYLA
2821	VQRGIGTAY
2289	GQIRSLLSV
2821	ATSAPLVSR
2289	KLSETFLQI
1382	DDLRDADDA
2821	GFTLGNVVGMY
2584	LVVYPWTQR
2821	IAISRTPVL
2821	ATAGIIGVNRK
2584	KSAKDALLLW
2289	IQHAGVQYI
2289	AYSAKIALF
2289	YYEDNKQFF
2584	IDFTGHAL
2584	LATVLGRF
1382	ARDNKKTRIIP
2584	AVQEFGLAR
1382	ETTPAKGKKAAKVVP
2821	KVQTAVTMK
2821	GTSSMIVPK
1382	VDFNSEEDAKAAKEA
1382	GAEGQRPGFGYGGRA
2289	YRNVNIQNF
2289	KLYAGAILEV
2584	IYDRDPEGKVQP
2584	YQVGVHYEL
1382	AVKPKAAKPKAAKPK
2584	LQEASEAYL
2289	RTWDGQEVV
2584	KSLEGNLETF
2289	GQTPSQLLI
1382	VNLPINGNGKQ
2821	AQAEAQQPTF
2584	ATNTSAPDLK
2289	EYIRSLNQF
1382	SLVSKGTLV
2821	YTDVSTRY
1382	FVLLTGAASF
2821	YLNEKAVSY
2289	SPEDFVYQF
2289	GQALVREGI
1382	FLKAVPSQKRT
1382	TYIPPKGETKKKF
2584	AQAFIHNSL
2289	KYGVVIASF
1382	VVQQQKLKK
2821	TSREIQTAV
1382	LPKKTESHHKAK
1382	FEGFPDKQPRKK
1382	RGNGLIKVNGRP
1382	LKDVEEGDEKFE
2821	TASKAIIEK
2821	ITIFEKQEY
2289	SYIEHIFEI
1382	FAPRPSTGPHKL
1382	AHAGEYGAEALERM
1382	GHRPIPNQPPTAAHT
1382	IGTGATGATLYLLRL
2821	GTGKTTFVK
2584	KVFDYDFGL
2821	STITKIHSK
2289	QPNPVEQRY
1382	SVEGEGEEEGEE
2289	AEATIILHV
2289	FPYEESKEKF
2289	AQLKQWLV
2289	IRSKIITYI
2289	TLSDIKALI
1382	SGVYKKLTGKDV
1382	GFTLGNVVGMY
1382	AKKPAAATV
1382	FIENEEQEY
2289	FVSGVIVKI
1382	KGTGASGSFKLNK
1382	LNKKAASGEAKPKA
1382	KDKIEKAVVSQRL
1382	LPKKTESQKTKS
2821	LSDASSAVYY
2584	GVLAWVKEK
1382	EIENPETSDQ
1382	AWDESLAPKHPGSRK
2821	AQHEGESVSY
2821	KAFQATQQK
2821	IQSETSGSANY
2584	SIAAFIQRL
2584	NDTFVHVTDL
2289	EYQKVWNLF
1382	WAAGQNKQHSITK
2821	ASQDIIPQLK
2821	AQNEPLTQK
2821	SQRMVEGY
2584	GANSIFSGFLL
1382	AKKPAAAGV
2584	YQAEIPDRL
2584	FSVFGQVERA
2289	RQFEVKFEV
2821	ATQVAVSVPK
2584	GSLLWGLVK
2584	SVLHLTFYY
2584	RAIENIDTL
2584	RSVDVTNTTF
2289	SQAPQSPQI
1382	QIGIIKTNKKTGQPM
2584	NEFPEPIKL
2289	GQFIGFLNI
1382	GASGSFKLNK
2289	ATKSSYLNI
2289	YRAQQIIQL
2821	YQEYEPEA
2584	AVAELNYGL
2584	TSVPDHVVW
2289	KFIDTTSKF
2289	RLYGLGTGV
1382	VSVTPKTVTPAS
1382	SGHMEVLRGHEF
2584	TGGKILGFFF
1382	DKFLASVST
2821	KPIDSETKM
2821	YEVSQLKD
2821	SLDKFLASV
2289	SQADVNLKM
2821	SVNPNKPATK
2584	FVLALPSVAL
1382	VAMPALAPPEVV
2584	SDGLAHLDNLKGTF
2289	VYEEILHQI
2289	VYAQVARLF
2821	RLSTPSASTY
2584	LTGPVMPVR
2821	VLSPADKT
2821	NTIDPSHPM
2821	GSLASVYHK
2289	KYLDNPNAL
1382	GKGDPKKPRGKMSS
1382	AGGTKPKKPV
1382	GSAKVAFSAIRSTNH
2584	KSIDLIQKW
2584	QVQAAQFAK
2584	GQSALYDAL
2821	AQVNQTERY
2821	SVMRLTISY
1382	GRTQDENPVVHF
2584	SVQETVLPIK
2584	SVSEVVVNR
2584	RTSGSVYITLK
1382	DDHDPVDKI
2821	QQHSPQQIAY
2289	IHYAGIVDY
2821	SPFHDIPIY
2584	REWTEQETL
1382	TEAPLNPKANREKM
1382	LNKKAASGEGKPKA
1382	LVVYPWTQRF
2821	FRSSIPVY
2584	AQIDSIVEL
2821	NQKPPSAEY
2821	PGFGYGGRA
2821	TVQQHPSTPK
2584	SAKVAFSAIRSTNH
2821	GTQTLSGAGLLK
2821	HAVFPTSSM
2821	GSYVTHETK
2584	GEFFDIHLF
1382	HLTPAPAVSSTKGRA
1382	AVKPKAAKPKTAKPK
1382	AVTRNPQTARQAH
2584	FVIDLQTRL
2289	KLDSTPLKA
2821	HLTPEEKSAVT
2821	RSIQQNIQY
2821	AVNMVPFPR
2821	GQNPTNAEVLK
2821	RPAPVEVTY
2584	KDFEQPLAI
2821	STTQVVGILK
2821	SQHPQQTSF
1382	AAAAAAAAKVPAKKI
1382	DDSKEYFSKHN
2584	ILFSEGLIKA
2289	TYKVISNEF
1382	EDPRDADDAVY
2821	QSKTIKVSY
2289	LYSGRFEEF
1382	LIGKKGQQKTA
1382	SAKKVKTPQP
2821	GQDKPHETY
2821	ATIEETYSK
2821	VLSPADKTNVK
2821	LLDIRSEY
2821	MPVDPNEPTY
2584	RSFEEAFQK
2289	TFDLTVVSY
2584	TEHLSTLSEK
2584	YVIIKPLVWV
2289	RQSSFIAVGI
1382	TDRQSGKKRGFGFVT
1382	KGGKIGLFGGAGVGK
2821	FVQMMTAK
2584	GVIDLVFEK
1382	WSVDPLDRAM
2584	KVGKFYELY
2584	ETFNTPAMY
2584	ISNLPTVKK
2821	SQYNIRGVTY
2584	LSFPTTKTYF
1382	STVLTSKYR
1382	FATEQLSTG
2584	KAIWNVINW
2289	RQLEGISVV
2289	TISKVLLSI
1382	EKFDKSKLKK
1382	RGAFGKPQGTVARV
2821	SVAGPSKPK
2289	YYSNLHQTF
2821	TIQSGEQPYK
2289	QQMAQQLRL
1382	LPKKTESQKTK
1382	KLIKDGLIIRKP
1382	FDDSFSEAH
1382	TSPKGYQVPAY
2821	HQGPVPLSY
2584	RDYETATL
2584	RIIEETLALK
1382	LEITEESDA
2821	STSGTVINK
2289	TPDPYVELF
2821	GQYSPPPYSEY
1382	TINIHKRIHGVGF
1382	TNNLRPKKKVK
2821	AVATKFVNK
1382	VANALAHKYH
2584	SVIDHIHLI
2289	HQNIQDLEI
1382	RPIKGAAGRPLEL
1382	LILEGNDIEL
1382	VDFNSEEDAK
1382	TAEREIVRDI
2289	FPDPNVKYVF
1382	EGEGEEEGEEY
2584	RVYEFLDKL
1382	KYYKVDENGKISRL
2584	GKVGAHAGEY
2584	RVYEIDITDA
2289	RQGQIEVSI
1382	SAPATGGVKKPH
2289	GQGHMALFI
2584	LERMFLSF
2584	AVFDGAQVTSK
2289	KLADLSLRI
1382	KPAPPKPEPRPK
2821	STQNGPVFAK
2289	VQDGSVLKV
1382	DVGQTVDDPY
2584	RTLYGFGG
2821	FPMTHGNTGF
1382	VMGNPKVKAHGKK
1382	NKKAASGEAKPKVK
2289	RQIDQFLVV
2289	FYMDTSHLF
2821	AHESVVKSED
2821	YSISQERF
2584	FVLSLGVAAL
2289	LQSIVPLFI
1382	SVSTVLTSKY
2821	GQNPTEAEL
2289	FITNIPFDV
1382	AEGQRPGFGYG
2821	HLTPEEKTAV
1382	TEHAKRKTVTA
2821	FTEEQAVLY
2584	GSNGYILNK
2821	SSLNHIVEK
2821	LTQPPTITK
2821	VVMRDPQTK
2821	AVSKVSTNK
2821	AQIKFLNTY
2289	FPYPFQVVY
2289	SYLSRLQYF
2821	FLHDNIVEY
2289	IYPDSFTVL
2821	VMAPRTLLL
1382	HLPAEFTPAVHA
2821	SQINRAYQF
2584	ISSFPLLKA
2289	LPLEEHYRF
2289	RLTAVVQDL
2289	GLFSKVTLI
2289	TFDLQRIGF
2584	SRNLRTALIFGGF
2289	SIFKGQQLV
1382	IVDVKANKHQIKQ
1382	EEMRKAGIFQSVK
2584	ASDPILYRPVA
1382	AAKPKKAPKSPA
1382	VNVVPTFGKKKGPNA
2821	SSGVPNPPK
2821	YIADKKDVYE
1382	NDIFERIAGEASRLA
2289	FPSPEYETF
2821	DQSQIQEF
2821	SQVFGRSAY
2584	LLGPRLVLA
2584	GETAFAFHL
2821	SVFEDPVISK
2289	NYIDKVRFL
2821	AVIVLVENFYK
2584	SLGSALRPSTSRS
2584	RVAPAHGLFLK
2584	SEVKVTEL
2289	MRFLAATFL
2821	GTAAKSITK
2584	IEKPAGPPGILAL
2289	KYADLSHNRL
2289	KIYAIPIEI
2821	YTAQPTQGY
2289	QQSFVQVRV
2289	TLAAVLQRI
1382	NIKNDFTEEEEAQVR
1382	ERSGVSLAALKK
2821	GQNTNNSQF
2584	AEIHVPTL
2289	SQSGMALKV
1382	ERNGLSLAALKK
1382	YQLLEPRM
2821	STVLTSKYR
2821	NVADLHEKY
2584	KAISPSEGW
1382	KAASGEAKPKVK
1382	KSTGGKAPRKQL
1382	STVLTSKY
2584	FDSESIGIY
2289	SYLNSFFQL
2289	IYAPKLQEF
2821	RQGFVPAAY
2584	VVYPWTQR
2584	IFRAPDMDQ
2584	WSVDPLDR
2289	GQFAFHVGL
1382	VLSLYASGRTT
2584	IVNDFAYMK
2289	KYPSDLPYM
1382	IVDRPVTL
2821	SQYPNQPTRF
2289	KYGPVFSF
1382	SRPKQLPDKWQH
2584	VVYQYWNTK
2821	SSLPTQLFK
2821	GTIGDMMQK
2821	SQPYGQQSY
2289	VYDPLFSQL
1382	APSRNGMVLKPHFH
2289	FPYVRDFVM
2289	FPEAAQVAY
1382	RKATGPPVSELITK
1382	KSAPAPKKGSKKAV
2289	YFDLLGELM
2584	YASGRTTGIV
2289	KVSGVILSV
2821	SIFDGRVVAK
2289	LQGNWELRV
1382	GIIKTNKKTGQPM
2821	STNPFRPQK
2821	AQREDELTF
2584	AEFTAKIAL
1382	EDEDDKTVL
2821	DQVGIFRK
2821	SSGLPRNTVVL
1382	GDLSTPDAV
2821	SSDPYHSGY
2584	SSLGPVGLDK
2289	GFSLLVLLL
2289	QQGTTKLSV
1382	LVFHSFGGGTGSG
2821	GQNKKVMIY
2821	VTAPPARNR
2584	GTSSVIVSR
1382	LPKKTESHKA
1382	AGNAARDNKKTRIIP
2584	QLIDIIHTA
2584	TNVPRASVPDGF
2584	GEIDGNKVTL
1382	GRVIRGQRKGAGSVF
1382	YQKVVAGVANA
1382	VGTKGIPHLVTH
2821	GTFPGNYVK
2584	RISLPLPNF
1382	DSIGRFFGGDRGAPK
2821	GTAPAFKQK
2821	STQQPLTKK
2821	AAAAAQSVY
2584	GEKQPELQI
1382	ALPPEKKQNTGSKK
2821	STAQRVTYK
2821	GVDNPGHPY
2289	KYGPIRQI
2289	FPDTGSDHSY
1382	SSTPEEVKKRKK
2584	AVATKFVNK
2584	SYIEHIFEI
2821	GLKPLDVAF
2584	ATALPTGTSK
2584	HTVWESEEW
2584	KLLDAYLLY
2584	WQVKSGTIFD
1382	KTPKKAKKPAAAGV
2821	ATDKSFVEK
2289	FPIPGEPGF
1382	SRETLQQHKLLK
1382	GDKAKVKDEPQRRSA
1382	VGLFEDTNL
2584	IAVGYVDDTQF
2289	QQASHYLYV
2289	IPYQDRESY
2289	LYAKIAEAF
2821	KVVEGSFVYK
2821	GTADVHFER
2584	LTEAPLNPK
1382	SGSNVKIVKVKKE
2821	YDESGPSIVH
2289	FYGIIRNV
2584	ITIEPGLLLK
2289	VYEYVVERF
1382	ASKERSGVSLAALK
1382	ALEKDYEEV
2821	SQKDLQSEF
2821	VLSPADKTNV
2821	FSNKITPIQSKEAY
2584	FSNQLRAELEKHGY
1382	VGGSTRIPKIQK
2584	VLSLYASGRTTG
2584	SAFPFPVTV
2289	SQFSYQHAI
2289	HQIFHVLVV
2289	VYMELSQKL
1382	KPKKAPKSPA
1382	KAPKSPAKAKAVKPK
2584	TEWEKVAQL
2821	ASSHVPIQK
2289	YQVGQLYSV
2584	ATAASSSSLEK
2584	FEILPGLSV
2584	KVTEGSFVYK
1382	FKGVDAQGTLS
2584	KFNPVSFTW
2289	VYSEVHFTL
2584	RLFPGSSFL
1382	KVKTPQPKKAAKSPA
2821	AVHDITVAY
2821	FSNPYSIEY
2584	YQQHGAGLF
2289	AYIERMNYI
2289	YQYPVIIHL
2821	QVTQPTVGMN
2821	ASAPGYLAITK
2584	FTLTTLTTGR
2289	FAEVEQIAF
2289	IYDSVKVYF
1382	SDGLAHLDNLKG
1382	TVGPKAPSGGKKATQ
2584	SILEDYANYK
2584	KSVGVFEAF
2289	FPDVEKAEW
1382	RESPSPAPKPRKV
1382	KFEDPKFEVIEKPQA
1382	VAGVANALAHKYH
2821	ILSGVVTKM
2821	DTNADKQLSF
1382	SAKPPAKVEAKPK
1382	GVYKKLTGKDV
1382	FPVGSKKNKGDSHL
1382	IHSLPPEGKLGIMEL
2584	KDFKLSITF
2584	ITDGSTPINLF
1382	ENNVKPRKLRKD
2584	YEILNNPEL
2584	KEFIKIVEA
2584	VTEGSFVYK
1382	NGKEIEGEEIE
1382	ALRYLNFF
2584	RSSPVEYEF
2584	SVSDQFYRY
1382	LVVYPWTQ
2584	VTYVPVTTFK
2584	STSQTFIYK
2584	LQSLGLKSTL
1382	NVGKARGFFKKGDVV
2821	AQNAKVIEK
2584	SLAQYLINV
2289	KYDEIFYNL
2821	STVPPASLK
2584	FQNPQYIF
2584	RIVEPYVTW
2289	FPEELTQTF
2289	NVSVQGIIIYR
2289	KLLEQALVI
2584	VTIWDSVTW
2289	GQDSIVLLI
2584	RLDPNVQKW
2289	QLVDIIEKV
1382	FELGGDKKRKGQVI
2289	FYLLNPYTI
2289	YRGPVYAL
2289	FETIVKQQI
1382	PRIASNAGSIA
1382	FPVGRIHRHL
2821	VVMRDPNTK
2584	KSLEEIYLF
2821	GSYSSHISSK
2821	FIISRTQAL
2821	VYASQETFG
2584	YASGRTTGIVL
2584	GVVPFIFQA
2584	SQANIAQVL
1382	AEALIKHKPSVK
2584	FVRHILSG
2289	FPEVEDVVM
2584	GQSEIVILL
2821	FQHPLQSEY
2584	KIPVEADFL
2289	QQHVIETLI
1382	EDDDQKAVKDEL
1382	AGYDVEKNNSRIKLG
2821	SQKSAIPAM
2821	ATGDMSGLLK
2289	SPLGGERPF
2821	STFDTQITK
2821	SQNPRFYHK
2584	FVILRKNPNYDL
2289	IPMQSEPQY
2289	TFDLQEVLF
2289	EQIRLAQMI
2289	GLDPSTPAQVI
1382	AKPAPPKPEPKPR
2821	ATILAGDVKVK
2821	GQNPFELAF
2584	ALLDKLYAL
1382	VNVVPTFGKKKGPN
2821	ATQQPVTADK
2289	YYIRETENF
2289	RQASPNIVI
1382	TKAVAASKERSGVSL
1382	SLIPDEEEEKEEAK
2289	RSAEVTLEV
2821	STIEYVIQR
2584	KIFSGVFVK
2584	RQFSTPFQL
2584	SIPELADYI
1382	TKQTARKSTGGKAP
2289	RLIGQIVSSI
1382	SREIQTAV
1382	AIGQKRSTVAQLVK
2821	STMPHTSGMNR
2584	LASVSTVLTSK
1382	KIKIIAPPERK
2289	YPDPAIAQF
2289	RYGLVTNEI
1382	GAHLQGGAKRVII
2584	SVLEPPLFLK
1382	KLTPEEEEI
2821	STDPAAPNLK
2584	STLGYTISR
1382	HGFLPRHRDTGIL
2821	MRYVASYL
2289	SVTDLAFKV
2584	GQYGNPLNK
2289	RQASPSIVI
1382	IVTPRTPPPSQG
2821	VTMTASRML
2584	KEFEGKTL
2821	SAAKSLLNK
2289	RYLEKPMEI
2584	TVISILNTI
2584	RALGIGFQW
2289	VQNPQAQTI
1382	SSKDAIKKKLT
1382	VLDDDREDL
1382	AADIPEVVVSL
2289	SRADLIKQY
1382	LQLPSPTAT
2821	KVKGSNTTY
2821	YSDRSSGGSY
2289	MPVDPNEPTY
2821	GQLSVHTPK
2821	GTLASVYHK
2289	KLKDVLLQV
2289	FPIGDKVTF
1382	DAQGTLSKI
1382	SSVEIENPETS
2821	STLQVGSLNVK
2584	TVLTSKYR
2289	SPDSGVYEM
2289	NYSPYVNYF
1382	VAIALKAAHYHTHKE
2584	RLFTEKILRA
2584	FMATIAEGL
2289	GQFNFVHVI
1382	NNKGPVKVVVGKTF
1382	FHPLGADSQV
2584	VSRAGATGVQW
1382	KDVDDDGEEKEL
2289	VYLPLTSHI
1382	NLVQKALKPPPIK
2821	KQPAIMPGQSY
2821	GEPRFISVGY
2584	YREAPIDKKGNF
2584	KSIEELQDW
2584	GVIDLIFEK
2584	RLLPFLGVL
2289	QFINFPIYV
1382	IENPETSDQ
1382	GKGDPNKPRGKMSSY
2821	RQQQSQTAY
2821	LQQPRSLTY
2584	HQTELTNQL
2289	SQANIAQVL
2821	AVYPVRSAY
2821	SATLPITFK
1382	LLSEDEEDTK
1382	GDEEEEGEEKL
2821	SSDANPVRY
2821	SQAGPATGQAY
2584	AVLWVVKSTPAS
2289	LPDEASEAF
2289	YQVGVHYEL
2821	SQKGMSVY
2821	RVAPEEHPVL
2289	VFDIHVVYV
2821	AQLPKPTSTY
2289	KVFGGFQVV
1382	NVPLPKKSIQSGPLK
2821	NAIHAILLY
2584	AVLLVFANK
1382	TRGILTPRIKV
2584	FRKFHYLPFLPSTED
1382	HLPPSPKPMKM
2584	YEEEMREL
2584	SVSDLAPPR
2584	INVNEIFYDL
2584	PWTQRFFES
1382	NVGKARGFFK
2821	GQASGGHYY
2289	KLAEEQLRI
2289	VTRVITVQV
2289	QQIELDLKA
2289	RLHDVLMEL
2821	RQSSATSSF
2821	VEVLVPLPQ
2584	GEISTIDKV
2289	RYPAIIYNI
1382	VMGNPKVKAHGKKVL
1382	NKRSTITSREIQTA
2821	FLITQLKML
1382	NLRKNNRQPY
2584	SLADFQIEK
1382	DAIKKKLTGIKHEL
2821	STTTIVNPK
2584	VTYVPVTTF
2584	RVIGDLDTV
2584	FVLDSSESI
2584	FLPEGVNKL
1382	FDKDGDGTITT
2289	AQSGFPLRV
2289	LPEPNKDAIF
2289	YQSKVRELI
2289	RAYIVQLQI
2821	NMELPQGQTG
1382	RLSAKPPAKVEAKPK
2289	YPDTDVILM
1382	KEESLDSDLY
2584	YTFDWTMLK
2289	KLYSSEQLLI
2289	YPEDLEFVY
2584	HEFHSPAL
2289	LYEQAFQLL
1382	GILDSIGRFFGGDR
2584	VYPWTQRF
2289	VLTDVDLRV
2821	STAEESSPPK
2584	GRLLVVYPWTQRF
2584	IYDSVKVY
2289	IYIAGHPAF
2289	HLANIVERV
2289	SRFQGTLYL
1382	IVTPRTPPPSQ
2821	RVIQSVTSY
2821	SVAQLLLSK
2821	STDKAEYTFY
2584	VGGTSFQEPFL
2289	YYTDIMHTL
1382	KLNKKAASGEAKPK
2821	ATDELSSALAK
2821	ITANATEPQKA
2584	HAHKLRVDPVNFKL
1382	LPKKTESHHKT
1382	ADITRTGKVKPTR
1382	KIIAPPERKY
1382	TRLFPDFFTRVAL
1382	TFRKAINKKEG
2821	LQIQQGLQTL
2289	RLTDYISKV
2289	VYPLMKEYF
2289	YPESESIMM
2289	FVAEERVSF
2289	GMADLNFKI
1382	DIDGDGQVNY
2821	KAITSGGITY
2821	ATYNFAVLK
2289	MPDSENPTSVF
2584	RIFGEEITSL
2289	VYSHVIQKL
2821	QTALPGNDRY
2821	YTDSYTDTY
2584	FRTHFGGGKTTGF
2584	FVIEEVPGEL
2584	AQLLVLYY
2289	RLASVAQEL
1382	AATVGSLAGQPLQER
2821	SSAPPTPTRL
2289	QLAPVFQRV
1382	YIADKKDVYE
1382	GNPKVKAHGKKVLG
2821	ASAPANVSK
2584	LAEFAFSLYRQLAHQ
2584	FNVPAMYVA
2584	SVMDPIDVK
1382	LPKKTESHHKTK
1382	SSTPEEVKKRKKAVL
2289	RLLEVTNTI
1382	VEIENPETSDQ
2821	VELGTQPATQ
2289	TLAPPLLRV
2289	EQTVVAFFI
2821	STTYPVVVK
2289	VVDGVRTPF
2821	GVLGPIINK
2821	SHGSQETDEEF
1382	VMGNPKVKAHGK
2289	LPDAHSDYARY
2584	TNVKAAWGKVGA
2289	TVSKVLLSI
1382	AKDVTGAEAL
1382	KLNKKAASGEAKPKA
1382	GQKAPAQKAPAPK
1382	KLEKEEEEGISQES
2821	SVINVFVGR
2584	NIIELVHQV
1382	SKDAIKKKLTGI
2821	ATQDPQIEK
2584	FVADFADKL
2584	KIYESIEEA
2584	AVQTAAKELLK
2289	MPDLAHVM
2821	RTIAPIIGR
2584	GYSNRVVDL
1382	APATGGVKKPH
1382	GDEEKDKGLQTSQDA
2584	IGGSILASLST
1382	SSTPEEVKKRKKA
1382	FLSHVVSQHQAL
2584	RTAQEVETY
1382	IIAEENIVSR
2584	SVEEISTLVQK
2584	SVQGIIIYR
2289	ALLPYFVYV
2821	ASDTFSGIGK
2821	KVTEGSFVYK
2584	VDIINAKQ
2289	VFDPVPVGV
2289	VQNAIQQAI
1382	SDDEKMPDLE
2821	PLDRAMAELAA
2289	FLYSDEVQI
1382	VLAHHFGKEFTPP
2821	TTQAPSLQK
2821	FAKALANVN
2821	VLREIAEEY
1382	LSAKPPAKVEAKPK
2821	NQIESKAAY
2289	GQTKEVLVI
2289	YPDERSFQY
2289	GQFPLSITL
2289	VYEGPELNHAF
1382	KAAKSAAKAVKPK
1382	APSRNGMVLKPH
2821	SSSSVLINK
2289	VYLTDPVLF
1382	PEPAKSAPAPKKGSK
1382	IRKPTLDKPSPET
2821	GSYTFDPVTK
2821	LTEVNKTGTQY
2821	AQHLQAAVAF
2584	REFTESQL
2584	VTDGFSSLK
1382	PEPTKSAPAPKKGSK
1382	MGNPKVKAHGKK
2584	AVFDKTLAEL
2821	FLDESRSTQY
2821	QAKQESTEY
2584	AQIGSYVHV
1382	TGGKAPRKQLA
1382	SDVELDDLGKD
2289	HLSELVQQI
1382	GRPAANTKIGPR
1382	AVAASKERSGVSL
1382	ELRVAPEEHPV
1382	VAIQAVLSL
1382	LDTWDQVF
2821	GAVHDVKDVLDS
2584	KEKYIDQEEL
2289	YPDQYVREY
2289	IRYFPTQAL
2584	QTFLLQTTK
2289	TLLKALLEI
2289	FQVLSQWEI
2821	SISSPQPGK
1382	VKVGAIQRWLKGQGV
1382	VSKGTLVQTK
2821	IGKDVSTSY
2821	FVELGTQPATQ
1382	IVGRPRHQGV
2584	ASAYSIAQK
2584	KYPENFFLL
1382	AAKPKAAKPKAAKPK
1382	AVEDKQAGEEEKVL
2821	SQKKEDTAF
2821	FIYQGSAKF
2584	SVSPVVHVR
2584	YSLKVLLSY
1382	DDVVGETVGKTD
2821	ATSLGHFTK
2289	YQYPRPLLI
1382	LLPKKTESHKPGKN
2821	VQGRPGAPF
2584	AQIKEMVEL
2584	YLINEIDRI
1382	KPKAAKPKAAKPK
1382	REEHKKKHPDASVNF
1382	GFGYGGRASDYK
2821	VHLTPEEKSAVT
2289	FPDVMMPSY
1382	AGGTKPKKPVGA
2821	RQKELESNY
2821	FPANNIVKF
2289	IYDEAISSF
2821	GQERPSVTSY
2821	SQPETTKTY
2289	NRYGKSTYL
2289	LYPKTLFLL
2584	FLSELTQQL
2821	ASFDGRISVY
1382	DLSHGSAQV
2821	HAVVNLINY
2289	RLAPLIQVI
2289	GQWLGGRQI
1382	YFRDQEGQDV
2584	FDQFFGEHL
2584	FRVPSYQAL
1382	KERNGLSLAALKK
1382	LHAHKLRVDPV
2289	TQEQVRLLI
1382	GVANALAHKYH
2584	RVIDVGSEW
1382	IDSPGHVDFSS
2584	STIFYYVQK
2584	SVLQGLLKK
2584	ATAGDGLIELRK
2584	GVISFAVWK
2289	RQPEAGGIFKI
2289	HIAIQALRE
2289	RQADFVQVL
2584	LTPEEKSAVTAL
2821	YSDPSTGEPATY
2821	ASSPPHLQF
2289	SQVEILQRV
1382	AGNASKDLKVKRITP
2821	ETDRGMSAEY
2584	RVFIGNLNTL
2289	FPQTALVSF
2584	VVINFDFPK
2289	PYMAKFVVF
2289	VVYPWTQRF
1382	ITANATEPQK
2821	GQRSYLVQY
2821	SQITTVATF
2584	FRVPTANVSV
1382	GLQFPVGRVHR
2289	KQHFINQAV
2289	LYTEKFEEF
1382	NDEELEEKEKL
2821	TVKTETISF
2584	KVFQGTDEQL
2289	FPLTTESAM
2584	SVIRDIGAIA
1382	VHLTPEEKSAVTAL
2584	RILFFNTPK
2289	KQPDVILEA
2289	KLSNLPTLI
1382	LKKSGKLKVPEWVDT
2289	GQQKLYQV
2289	VPAEELVEM
1382	FEQEMATAASS
1382	LSEDTTEETL
2821	GSMGSFSEK
2821	REIESSPQY
2584	GEVKDFPDL
2289	KQYPISLVL
1382	DEDGDESIHKL
1382	LSFPTTKTYFPHF
2584	SLAERVDRL
1382	HDKQYKKAHLGTAL
2289	FRNGLGNQL
2289	KYIQRQETI
2584	YALPHAIL
2821	VQVKGPTQEF
2584	GTSEFITGK
2289	KQMPVIMVI
2289	SLYVQQLKI
1382	VSEKGTVQQADE
2821	AVAIKAMAK
2289	FPMPEDFPNF
1382	TDENALSGNEEL
2584	ATIEDILFK
2584	YQKVVAGVAN
2289	HLTDITLKV
2584	SVFESLIAK
2584	KLSDLDNKL
2584	ATSPALFNR
2289	VQLVTQQVI
2289	SQNGKQYII
1382	KAKKPAAAGVK
2821	AQIENSAAVQK
2289	KTKFTIENV
2289	GLLDLPFRV
2821	YMASQPKNK
2821	GTMTGMLYK
2584	NEFSQIFQL
2584	ADFAKVLEL
2584	PFLVVRHQLLKT
2289	IYQKAFDLI
1382	ASKERNGLSLAALKK
2821	TQYPVSNRY
2289	LLFSFAQAV
2584	AQIDHYLGL
2821	LPTEPPYTAY
2289	RLAVYIDRV
1382	KAKKPAAAAGA
2821	AVTKYTSAK
2584	MIPTFTALL
2289	EYMEHTYLI
1382	RVAPEEHPVL
2821	ISKQEYDESGP
2821	ATVAVPLVGK
2821	NPVGGLLEY
2821	KQIVAGVNY
2584	REGDLLFTV
2289	VFYPYPQYF
2584	ESYSVYVYK
2584	STIEYVIQR
2289	HADDFIQEM
2821	HAIMRSPQM
2584	SGVSLAALKK
2821	GGEALGRLLV
2821	LTDITKGVQY
2821	GTSEFITGK
2584	VTNWDDMEK
2584	ATALEYVYK
2289	EVDRFVVSY
2821	GQTGAGKTY
2584	RGVLKVFLENVIR
2289	VYANGIRNI
2289	RLDAVLQRI
2289	RQTPPLASV
1382	NPKVKAHGKKVLG
2289	RVAPEEHPVL
2289	LPDTLKVTY
1382	HEALENDFAVHET
1382	SEAREDMAALEKD
2821	AVYETPTAH
2289	ELSNVEQVV
1382	KPAPPKPEPKPK
2584	AENKDEIAL
2584	TELLIRKL
2584	SEFKAMDSI
2289	RIPELVQRI
2289	YQFGEIRTI
1382	NNSRIKLG
1382	FGSAFATPFL
2584	RVVDYLTKL
2289	MQHNLEQQI
1382	GEVIKESKQEHKDV
1382	KPQYMVLVPSLLHT
2584	ATAIGMPVEK
2584	KVFSGALQEA
2289	WPIDDHFTY
2289	IYAPPLPSL
1382	SLVEDDEDLPH
1382	VAITSALNTL
2289	TYDYNFHSF
2584	ALAAEVNRL
2584	HQIDLIVQL
2289	FQTSHTLHL
2289	VRFSNIMEI
2289	GQIELRTYV
1382	VVPTFGKKKGPNANS
2584	FAISILQQI
1382	YELPDGQVI
2584	KVFGDILDFA
2289	KYPHYFPVM
1382	PDPAKSAPAPKKGSK
1382	SLVSKGTLVQ
2584	SVVELVNKL
2821	TATAASNLIEV
2821	SSDDSKLEY
2821	SVINNSHNK
2289	TLFPVRLLV
1382	KAKKPAAATVTK
1382	SKERSGVSLAALKK
2584	YSIRGQLSW
2584	GEVESIEL
2289	SLASLPLRV
2289	YFDDALEDF
1382	IGVTKGKGYKGVTS
1382	PEEVHHGEEEVET
1382	LIYNEALKG
2289	KLMLLLEVI
2289	FQGDIRLLM
2821	SANSNPAMAPRE
2821	QSDPGTSVLGY
2584	FASGLIHRV
1382	GYDVEKNNSRIKLG
1382	GKVKVGVNGFGR
2584	DGIILPGK
2821	VQGEPSAPK
2821	VTEGSFVYK
1382	SSKNRKAIVERAAQL
2821	TSALPIIQK
2584	VEIQIQEL
2821	TQAQTTATY
2584	KVIVSLVSL
2821	VDIINAKQ
2584	SVFSKYFER
2289	TYDNVHQQF
1382	AKKQKQNRPIPQWI
1382	SGRTTGIVMDS
2584	KLIDDVHRL
1382	RGNGLIKVNGRPLE
1382	AGEASRLAHYNKRS
1382	LDDDDAGSAPL
1382	SGSGAKTVIPRKVVG
2289	KYSDITIMF
1382	GDKAKVKDEPQRR
1382	ADSDEDQHDAY
2289	RQSLEGLSV
2289	EYVEKFYRI
2821	RQLPSFQTF
2584	YASGRTTGIVM
1382	SDLHAHKLRVDPVN
2289	SRSAIVQAL
2289	RQKEFDPTI
2289	SQHDILQMI
1382	AAKPSVPKVPKGRK
2584	EVGGEALGRL
2289	KETDVVLKV
2289	KQTPKVLVV
2289	VRPDNTYEV
1382	GKEFDKHFGKGGSK
1382	KASYIHLQGSDLRPQ
1382	SFGDLSTPDA
2821	VMFPANGNIDL
2821	SVLSPLLNK
1382	FKNKVPEKQKL
2821	AVQKKTFTK
2821	AQAPAQSQF
2289	HQAGPVIKV
2821	EILPGLSVMG
2584	AVYGPELYAA
2584	ATFPLSVQK
2821	GDLSTPDAVM
2821	YVQSMDVAAF
1382	KIIAPPERKYSV
1382	GAEGQRPGFGY
2821	ASYGVSKGK
2821	STDPSVLGKY
2821	RTQNVLGEK
2584	AQAQEVFFLK
2584	YAHIIPFLG
2584	IVFSLTFFK
2289	VYENVSHFL
2821	ATGSVFTGK
2821	TSDNGKDGLAY
2584	WSVDPLDRAM
2584	REYQDLLNV
1382	FGEEAEEEA
2289	TYLPQTYII
2584	SVPEFPLSPPK
1382	TDRQSGKKRGFGF
1382	VLTKSGRSAHQVA
1382	SDLHAHKLRVDP
2821	FPTEVTPHAF
2584	KESEVFYEL
1382	ASGPPVSELITK
2821	HVDDMPNALSAL
2584	YVIIKPLV
2821	AQQDLQSKF
2821	SVEEISTLVQK
2289	HQTIVVQLL
1382	SDGLAHLDNLKGTFA
1382	KAGGTKPKKPVGAAK
1382	TEEKTVSEAL
1382	RQGVLGIKVKI
1382	KPQYMVLVPSLLHTE
2821	TGILDSIGRF
2289	IQSQVVAQI
2821	SGRGGNFGFG
2584	ATEQPLTAK
2289	FPYIEAEVKY
2289	NYTNIQETYF
2289	LPDLSVISM
2584	RVAPEEHPTL
1382	DLSHGSAQVKGHGKK
2821	AVQRTLLEK
2289	TFDDVAVTF
2289	KQAPPLEDI
1382	TKGTGASGSFKLNKK
2821	STVLTSKY
2821	GQKQSTTF
2584	YVIIKPLVW
2289	HVAQPDSVY
2289	HLAELQEKI
1382	SINNAEKRGKRQV
2289	VMAPRTLLL
2289	IQAGNNLLI
2821	SQTPNNTVTY
2821	SQFGTVTRF
2821	SVFDSSSDMEK
2821	HPQPVTPSY
2289	KQGYVIYRI
1382	EKDSGSDEDF
1382	TPGKKGATPGKAL
2584	LYEVSQLKD
1382	DIDEAEEGVK
2821	AVIAPKSSY
2584	GQAEVLNFL
1382	KDKGDEEEEGEEKL
1382	IKIIAPPERKYSV
2584	FLFPGTENQEL
2289	ILRTSEETI
2289	RYDNVTILF
1382	NVEWAKPSTN
2584	SVINFLDQL
2584	FVLYKYKLLPRS
2289	RVLQAIDSI
2289	SQIKLYNI
2821	FLDQNLQKY
2584	FRVVPQFVVF
2289	SLNSVSLQI
2821	QIRETSLDTKS
2821	AVTTVVNPK
2289	FPFEKGSVQY
2584	FESFGDLSTPDA
2289	DFDVAVVTF
2821	GEMPTSVAY
2821	KESSETPDQF
2821	SSFSSPHMK
2821	ASSPPAIPK
2289	RVHPVSTMI
1382	AAAGYDVEKNNSRIK
2821	SVQGIIIYR
2584	SIPGFVERL
2821	YSDPYVKTY
2584	KESTLHLVL
2584	KLFDLALQGL
2821	KVVEGSFVY
1382	ADKARKKLL
1382	IGTGATGATLYL
2584	ISKPEYDEAGPS
2289	SLTNTDLKV
2289	QAIEDMVGY
2289	SQWSLQHEI
1382	VGEGMEEGEF
1382	SLGSALRPSTSRSLY
2584	SIIGRLLEV
2289	SYDLANRDF
1382	SKERNGLSLAALKK
1382	NLDRDAEDV
2584	KLYDGFQYL
2289	RIPELRQVI
1382	PLPVQVFNL
2289	SQKAIQDEI
2289	AQYPSEHLI
2821	NTDPHSQEY
2821	STFSEIFKK
2289	YPFSEVLAY
2821	GQALLAAGHY
2584	SSLKTFLW
2289	HANAARLLI
1382	VKRHLTGEFEKKY
2821	SVSTQQPPK
2289	FPVGPGTGF
1382	IRKASDVHEVRK
2821	NTNIPIGNK
2584	RALEEQGATW
2289	AQSVQELTI
1382	AKPPAKVEAKPK
1382	VAKVTGGAASKLSK
2289	VFIGTGATGATL
2289	YQGKYILKV
2821	TATATNHVL
2821	SVMRPEQIMK
2289	TQNFLIQKI
1382	VTGNKILRILK
1382	GEVFKMMQAEEAPK
2584	VMAPRTLLL
2289	RFEEAHFTF
2584	SVLSPLLNK
2289	HLKLGEVSV
2821	YYTAGSSSPTHA
2821	WTYVATQVG
2584	SQSVIHNLL
2289	QITQVNQRV
1382	YVAIQAVLSL
2821	IERPDLITY
2584	SYANGINWAQWKGFY
2584	TIIKDIHEL
2289	AQTKVTFLI
2821	ASLSTFQQM
2821	FATEQLSTG
2584	KSTDVAKTF
1382	DDDMDGTVSV
2289	KQSPPIVKI
1382	KIRKPTLDKPSPET
2289	DPNLEFVAM
2289	KVAQLPLFV
1382	GASGSFKLNKKAA
1382	SGETAKGDYPLE
2584	VAIQAVLSL
2821	LIKEDQLEY
2821	ATAASSSSLEKS
2289	ILFRYPLTI
1382	PSIVGRPRHQGV
2821	GTNPGIITK
1382	AAGTKKQFQKF
2821	SGLVPAAPPK
1382	ASKERSGVSLAALKK
2821	HPDEKSIITY
2584	SSLPTQLFK
2584	KIIFIDSTW
2289	IYGYVAEQF
2821	FTDQQKLIY
2584	RTILVDNNTW
2821	LPVGATINM
2821	ASKEEATTF
2584	KAVSVLLNF
2584	KVIGTIQIL
1382	SDNEEDSKIELK
2584	RSNPYYIVK
2821	LQNEPLPERL
1382	RNPQTARQAHL
1382	GLAHLDNLKGTFA
2821	VQEMAKLDAN
2584	FEWENKVTV
2821	YVTTSTRTY
2584	SVFVDSLTKA
2289	SQAIHQLKV
2289	HVSNIPLKL
2289	RQIILDLQI
1382	AVDKKAAGAGKVTK
1382	GIVGKYGTRY
1382	SRIKLGLK
2821	STFDTQITKK
2584	RIIDEVVNK
2584	KAIELLQEF
2289	FANIDQETY
1382	AVKPKAAKPK
1382	VARKSAPATGGVKKP
2584	VTFPGALVPG
1382	ISFDPENLITG
2584	KTFEDKVTF
2289	YPDERTALY
1382	DIPEVVVSL
1382	PEPAKSAPAPKKG
1382	DLQAPLYKKIIKK
2821	FSTDAFSSPPQG
2289	RTRPDAPGL
1382	LNEPPGELA
1382	DLDAPDDVDFF
2821	GTDPTPQHY
2821	GSSAINILK
2289	YFDEPVEL
2821	SSSPPILTK
2289	HQTPLHLAV
1382	KANPFGGASHAKGI
2821	SQIADVARF
1382	EDVPGQAKDEL
2821	RIFGTDSQY
2584	EEFGRFASF
2289	AQIRYLTQV
2289	GQVLTVLRI
2821	ASEPSAQLSY
2584	TSALPIIQK
1382	AHHFGKEFTPPVQ
2584	SQAEIEQKI
2289	RQDQIQQVV
2821	SVKNDHSAY
2289	SQTEIYQYV
2289	AYQHLFYLL
2584	SVFENLEQL
2584	VSMLNVYLK
2584	KLFSEGLFSA
2584	LRVAPEEHPTL
1382	KSTGGKAPRKQLAT
1382	APRKQLATK
1382	KAPAQKVPAQKA
2584	VDDMPNALSA
2584	RLYPEGLAQL
1382	LSAKPAPPKPEPKPK
2821	AQAQVQGASF
1382	DEEEEDVKL
2584	AVQEFGLARFK
2289	HYMPPPYASL
2821	NADPQAVTM
2821	SVSEVVVNR
2584	SVNGKVLSK
2584	GEIIGVKVL
2289	KLFGMIITI
1382	LSFPTTKTYFPHFDL
2584	AVIKFLELL
1382	RDNKKTRIIP
2821	AIRQQIESY
2584	VTSPLTVEW
1382	SLPLPNFS
2821	ATIDGSVNPK
2821	HPTSVISGY
2584	INDPFIDLNY
2289	WTTSRVLKV
1382	SGGGTHRPPRGPPST
1382	GKPQGTVARVHIGQ
2821	IQNGTSGIRF
2821	YFDPANGKF
2821	TGDEPFQYKN
2289	HLDTTQQMI
2584	AQAEVYKEL
2821	AQAISRFAY
2584	RVMEYINRL
2584	VTIIFIYEK
2584	ATGSVFTGK
2289	FPPREIVTY
2821	KITVPASQKL
2821	STPLAGLAPK
2584	KEREEYVL
2584	STLFSALLIK
2289	AQHSVPLQL
1382	KAKKPAAATV
1382	GVDAQGTLSK
1382	DTGILDSIGRF
2289	NADPQAVTM
1382	LDDLGKDEL
1382	DKYHPGYFGKVG
2821	GQNRDGIVF
2584	AAFPGASLY
2289	QRAQQLLQL
2289	RLYTEPLLV
1382	RPRAPIIAV
2821	ALAEAGVAVF
2584	RELESQISEL
2584	KTIQDLVSL
2584	KVANIIAEV
2289	YQTKAVII
2289	FYKGVAPLW
1382	VELESEDEVK
2821	GQRKPATSY
2584	ASGPPVSELITK
2584	TTTLAFKF
2289	KQLGGGYYV
2584	FWRGNLANVIRYF
2289	ALRALQDQV
2289	VYNPVRAEW
1382	AGAAKAKKPAGATPK
1382	VLGEKGKNIKIIS
2584	GVYDGTEIHEA
2584	ATVTPSPVK
1382	AAKPKVVKPK
2584	LSFPTTKTYFPHFDL
2289	RQILSQPAV
2584	IDVTKGQF
1382	RVAPEEHPV
2289	LPDLPYDY
2821	FESFGDLSTPDA
2821	NIVTPRTPPP
1382	TERGYSFTT
2584	FAYDGKDYL
2584	SVLPFQIYY
2289	GQNPTQAEV
2821	ATPFLVVRHQLLKT
2821	HQVAPSPAGY
2584	KSTAISLFY
2289	IPDEQIVVM
2584	HQIEAVDGEEL
2289	KYKAFTYTV
2289	FPANIQVVY
2821	VAEENTRVL
2821	GTVSATSPNK
2289	RYLTVAAVF
2584	KEFPGFLEN
2584	ATGSWDSFLK
2289	TYIKSPPFF
1382	VELGTQPAT
2584	TVVDENAVAKID
2584	FAIPLIEKL
2289	FFDVLIKSM
2289	RQFAGQINL
2289	IYNKVTPTF
1382	RDGQVINETSQHHDD
2584	EVGGEALGRLL
2821	ATDAAANLTK
2289	LLFDRPMHV
2821	LLEPYKPPSAQ
2289	VILDLPLVI
2821	NQKDGMVSF
2584	AILDYLITK
2821	QQVPVNQVF
2821	ATEHLSTLSEK
2289	KLKNVFLAY
1382	DELNNNVE
1382	GTGASGSFKLNKKA
1382	VSKPDLTA
1382	KLYLPVQNKAKQ
2584	LHLGYLPNQL
2584	RALDIPLVK
2289	LYEADFVLF
1382	ESGPSIVH
2821	AVQEFGLAR
2821	ATVAGVHVK
2821	LPAREATQF
2821	HGIDPTGTY
2584	HQAQIDHYL
2584	STNWSAERSRLNYPE
2584	YVAIQAVLSL
2289	RQLEAIVRI
1382	VFPSIVGRPRHQ
1382	VAHVDDMPNAL
2584	KVYGSGEKV
1382	IVGGSFGLR
2289	FLSSVIQNL
2289	VYDVVELKF
1382	DANKKKRAPVP
1382	NLKVKGPVRMP
2584	GEYLFERL
2289	MPIEPGDIGY
2821	AVFGAGGVGK
2821	SVSNVVITK
2584	HVDPENFRLLGNVL
2289	HLRNIQDSI
2289	KQALKYFNL
1382	RVAKVTGGAASKL
1382	MSTTGDKILDT
2289	AYTDVVQLF
2821	ETFNTPAMY
1382	RKASGPPVSELITK
2584	RVAPEEHPTLL
1382	AKLEKAKAKELATK
1382	AVKPKAAKPKVVKP
1382	ILQTFKTVA
2584	VNVEINVAPGKD
1382	LQTDDSAEF
2584	KQAEIVKRL
2821	KTQAISISK
2289	VYAVIPAEKF
2289	FPSIYDVKY
1382	AAKAKKPAGATPK
2584	AEFPLDPQL
2289	KQLAGILQV
2821	AKDVTGAEAL
2584	SVMSTVEWNK
2584	SVLGQLGITK
2289	RQYLAIDEI
1382	RDNDKTRYMGKGVSK
2584	AEKLGGSAVISL
2584	AKALANVNIGSL
2821	QAAMPQVSY
2584	RTFTWLVGK
2584	ATAQVNPLYK
2584	YVVDNIDHL
2289	VQIKDVNLEV
1382	YNKRSTITSREIQT
2289	HQTIVMQFI
2289	HLLPTEQRI
1382	SLDKFLAS
1382	LVEDLERS
2821	VTIKEGSQLK
2584	PEFPLSPPKK
2289	GQFKDIITKV
2821	ASATQPSPVK
2821	TTAAPSPPR
2821	RSDPGGGGLAY
2584	VSEKGTVQQADE
2289	VFDDTITEM
2584	AVSTFAMVK
1382	DDLGEVPTIESL
1382	FQRDYYDRMY
2821	GSMEPGFAK
2821	ATSVITIVK
2584	TSSIAQLLW
2584	SVLWPWINR
2289	YYPRVEYGF
1382	GTGASGSFKLN
1382	ILMGDKSENV
2821	YSQADALKY
2584	AERPGEAAV
2584	AEHFLEQQM
2289	YYTKGFALL
1382	KPKVVKPK
2821	AQERSFQEY
2584	AAFGRLAQA
1382	GIHPSKVVITRL
2289	VITNILLRI
2289	LPDVSLQEF
2289	RLFSQGQDV
2289	ATASINVKV
2821	TSPAKQQAPP
2821	TTYNYAVLK
2821	VQQVHVATY
1382	KTKEPVKKIFV
1382	YDESGPSIVH
1382	DAPEEEDHVL
2821	AQPPVSTEY
1382	MEEDDDQKAVKDEL
2821	FAHTNVESL
2821	IVKEYQAAY
1382	LLPKKTESHHKAKGK
2584	SELPENTSL
1382	IISVKGIKGRLN
2289	SQVPADLRI
2289	LPDEDLAAF
2289	RLLDYVVNI
2289	IYFEYSHAF
1382	LFERLTLKHD
2584	LVKGFYPSD
2584	KAFELELSW
2289	KFKEFVQSV
1382	KTYIPPKGETKK
1382	HNLKNVIKEKY
2821	SQNTSSTVQY
2821	SQIDDFTGF
2289	KTRIIDVVY
2289	GQYPRALEL
1382	FSRFLNKQPY
2821	HAAVPTPGY
2584	SSGPSTPLK
2821	AQATISFPK
2289	LQSKVAVLI
1382	KLNKKAASGEAKPKV
1382	ASLSTFQQMW
2821	AVSTFAMVK
2289	RYSPVLSRF
1382	AALKKALAAA
1382	EDEEEEDVKL
2289	EYLLKVNEI
2821	ATTTTVTTK
2821	GQYGNPLNK
2821	NVEIDPEIQ
2584	LASVSTVLTSKY
2584	SISDKFFQK
2289	VNVEINVAPGKD
2584	ALLDQFYEK
2289	YTLGVKQLI
1382	DFESAEDLEK
2821	HTMEFALVK
2821	VHLTPEEKTAV
1382	GEIDGNKVTL
2289	VLPARYFYI
2289	YQSELELRV
2584	KSFPSIFKF
1382	RKVLGEKGKNI
2821	SLFGSPVAK
1382	KIKIIAPPERKYS
1382	WGKVNVDEV
2584	AGDDAPRAVF
2289	RQTILNDYI
1382	SEEKDEEDGENAHPY
2821	GQRGSGSSF
2821	ITSPVVTQK
1382	IENEEQEYV
2584	STFFYPKLK
1382	AVASFPKKQE
1382	GRNFRNPLA
2821	TLIEDILGV
2289	NRYDGIYKV
2584	RFQSSAVMAL
2289	YNLDKFRVL
1382	ASSKDAIKKKLT
1382	DAIKKKLTGIKHELQ
1382	KVNVDEVGGEALGRL
2584	VEVEIQRL
2289	RQKAVSLFL
2821	TIKSGDLEY
2584	EIGELYLPKFSISR
1382	GIKEDTEEY
1382	GPGDDDEIQF
2821	SPVDSVLFY
2821	GTVDPQELQK
1382	KERLYPLRKY
1382	LLQVDDERRNAEQY
1382	DWVPYINGKFKKDN
2821	LRNQLQSVY
2821	SSDNATLTHY
2821	TQNKDINQY
2821	VASFPKKQE
2821	SLAQYLINV
2821	HAVDVDSGNSY
2821	EAASVPVVY
2289	IYTSSVNRL
1382	LEERRVKEVVKKHSQ
1382	RIQRGPVRGISI
1382	RTHFGGGKTTGF
2289	IYPTTYVQF
2289	QLVDLKLTV
1382	HYNKRSTITSREIQ
2584	KSIRNDIEW
2584	KAINPINTF
1382	SGPKFNSAIRGK
2584	KSLEALEAW
2289	IQRLVELI
2584	ATIIDILTK
2821	SPADKTNV
2584	AVFEWHITK
1382	VAAKKTKKSLESINS
2821	SSSQPIGVTK
2584	KTTPDVIFVFGFRTH
2584	VLIETLVTL
2584	GLVGAAGLGGLGVGG
2289	KQNEIILRA
2289	AYLEAIHNF
2584	KLIDVTNIYW
2289	NYLVLPNRI
1382	DDLRDADDAVY
2821	NIVTPRTPPPS
2584	RVTSIADRL
2584	SLVSKGTLVQT
2584	DKFLASVSTVL
2821	RQIPQATASM
2821	ETDKNGFLQY
2289	HQLHLQQQL
2289	FPDQPIHIVY
1382	SISQVNHKPLRTA
2584	VSFSDVFFK
2821	TVGGTAYAIYE
2289	TYLEKAIKI
2821	AVYENAREK
2584	SVSDLFNTK
2289	FLPRIQQQI
2289	IYIWDLNNF
2584	KFLASVSTVLTSKYR
2584	YLADIFTKL
2289	HQAEYELNI
1382	DGLAHLDNLKGT
2584	RSLDNFFAK
2289	AYSRVQYQF
2289	NYIEKVVAI
1382	SLGSALRPSTSRS
2821	SVMSALTDK
2821	NAISVTTSY
2821	LPIGDVATQY
2584	ILQGPPYVSW
2289	SYVRSLPFF
2289	LLTDYILKV
1382	SLIGKKGQQKTA
1382	VYPWTQRF
1382	TKAVAASKERSGV
2584	AIGALQEASEAY
2289	SYISRTNQL
1382	LVGLFEDTNL
2821	GTTAVFINK
2584	GAVHDVKDVLDS
1382	WSVDPLDRA
1382	VSTVLTSKY
2289	KYLGQLHYL
1382	IAFLPYESQV
2584	VVVGDLVEV
2821	ATPSPSNETPK
2289	FPDLDRIVY
2289	VLAEIPQQV
2584	KTNEMLLNF
2584	RAVGLVSTW
2584	FIWPAIQSSAL
2289	SQQEIEQSI
2289	RVIDYAVKI
2584	DFGDDPSDKF
2289	LPDPSITFY
2821	YADPGVSFY
2584	KSFENIQNW
2821	STLPKSLLK
2821	GQPLPTSNY
2289	ILDSGIYRI
2289	LPAQLLELY
2821	GTYVSSVPR
2289	SQVDVAVKI
1382	DLHAHKLRVDPVNFK
2821	ATSTGGIVNK
2584	KSSDFAVLK
2289	FPIPDLQKY
2289	TYLPAPEGLKF
1382	TGAGKHVPR
2289	LYPLTNYTF
2821	RQITQVYGF
2289	IQSVPQPTI
2289	TYLPQSYLI
2821	AIIDILTHY
2289	FPLEAVREDAF
2584	KTSVVVGTW
2289	QQYNVTYVV
1382	TTTAEREIVRDI
1382	SSHKTFRIKRF
2584	AVASFVTQL
2289	SQFETEFYI
2289	RQYLAINEI
2584	MAHMASKE
2289	KIYEGQVEV
2289	VFDEAIRAV
1382	IAKYEIMDGAPVK
1382	SIVGRPRHQGV
2289	FPVVRDFLY
1382	VKTPQPKKAAKSPA
2289	GQQAEPLVV
2289	ELSDIALRI
1382	VLLPKKTESHKAK
1382	HLDNLKGTFA
2821	AVYSHVIQK
2821	RVQDYIQSK
2584	ATYAPVISAEK
2821	HAAGFAYTY
2821	GVDDKFYSK
2821	KVIQSVANY
2289	RYDSGKYTL
2289	RLLSEAQRI
2289	RQDMLILQI
2584	HSYFWPLEW
2289	ALLGILQHV
1382	DGLAHLDNLKGTFA
1382	FDEAIAELDTL
2584	FGGPGTASRPSSS
2289	HIPNIFQKI
1382	VYASQETFG
2821	RANPQVGVAF
2289	VYMPASSYQSL
1382	NELRVAPEEHPVLL
2289	RQFESLPATHI
2289	KLPQVAEEI
2821	STTTGHLIYK
1382	APRKGKEKKEEQV
1382	VLKQVHPDTGISSK
2289	KFVETHPEF
2584	FLAPLFSSF
1382	IIGGRESRPHSRPY
1382	AVDTSSEITTK
2289	SQASVTIRI
1382	EDGEIDGNKVTL
2821	TVNSPAIYK
2584	FSLADAVNQEF
2289	ALLAGNLRI
1382	SAAKAVKPKAAKPK
1382	LAQRISSNIQKITQ
2821	VNVEINVAPGKD
2289	IYIKQIKTF
2289	SPADDLGQTY
2289	NYIPRFWTF
1382	SIVFHRKKNLQY
2584	SKEYGFVL
2289	TYGEIFEKF
1382	QEKDSGSDEDF
2289	FPDQNFEVM
2821	AMNPTNTVF
2584	FISEIIHQL
1382	IQLARRIRGERA
1382	DNGFFKILRGQDH
2821	SQNQSNFSSY
2821	GTIIVSGSTEK
1382	NRQLKLPQIQK
2821	ITVGDIGPK
2821	VTIIFIYEK
1382	SAPAPKKGSKKAV
2821	SQQSTSLTF
2584	KTFEGNLTTK
2289	SYAYILEAF
2821	AAAKPTPPK
2821	PKFEVIEKPQA
1382	VLSPADKTNV
2289	SLISTILEV
2584	IVAESLQQV
2289	LRFGNPLLV
1382	VFPSIVGRPRHQGVM
2821	SQARLLTSF
2584	KLSEIDVAL
1382	KVVAGVANALAHKY
2821	GTQSKAFYK
2821	LSETKTISF
2289	SQFLYPKV
2289	ILGDILLKV
2821	RSDTPLIYK
2821	IPTRVVTNY
2821	LSDKNIEQY
1382	KATKSPAKPKAVKPK
2821	ITANATEPQK
2584	KSIDFPLTK
1382	SRNLRTALIFGGF
2584	SVFELTFKR
2584	DWVPYINGKFKKDN
2289	AQHPGVLYV
2289	KTKSMFFFL
2289	VYADKLLNI
1382	GELEKEEAQPIVTKY
2821	ATSPVVYTR
2289	KQTDLEITV
1382	TGGKAPRKQL
2821	GQTKQVTVY
2584	TANKYQVFF
2584	FRVPTANV
2821	SVNGDSISK
2821	GTYRDANIK
2584	KLIESAEEL
1382	DDKLIAEEGVDS
2821	YPNVNIHNF
2821	IPLPPPPAPETY
2584	ASVSTVLTSK
2289	VSGPLREL
2821	TDKSFVEK
2289	RFKTQPVTF
2584	LENVIRDAVT
2584	VLKVFLENV
2289	VFDAFLNMM
2289	FYPYGLQTF
1382	LNKKAASGEAKPKVK
1382	TKGTGASGSFKLNK
2821	VIFTGGVGK
2289	KVKDLVLSV
1382	DDTNPEKEKEDFEKV
2289	RLAETQEEI
1382	ILELAGNAARDN
1382	SRPKQLPDKWQHDL
2821	TTSNFTFSK
2289	RVAQLEQVYI
2289	NQFLGGLRI
2821	SSGPSTPLK
2584	KMNPQSAFF
1382	KESEALPEKEGEEL
1382	KKQEKTPKTPKGPSS
2289	IYDGPIHL
2584	VTYKNVPNW
2584	ASLDVFLGH
2584	ALATLIHQV
2821	STVSADPVVK
2821	MVYASQETFG
2821	ASQKGMSVY
2584	FIADLVVGL
1382	DIDEAEEGVKDLK
1382	KQKQNRPIPQW
1382	FLSFPTTKTYFPHF
2289	SYIPLFPQL
2821	APAPIHNQF
2584	GSYDPQQIFK
2289	KYLEHPLLL
1382	KATKSPAKPKAVKP
1382	DLEPTVIDEV
2821	GSYSKAFAR
2584	GEKYIEEAL
2584	SSDTTVLIW
2584	ATFTNVFGK
2289	VQVNAKLVI
1382	MIKKPRPT
2821	ALKGIGTDEF
2289	IYTFPHASF
1382	GAGKHVPRAV
2821	RSTKTGTAY
2821	ASYVASTKYQK
2821	KQIVAGVNYF
2289	QNAPPGFFPRL
1382	VDIINAKQ
1382	HLYLRGGAGVGSMTK
2821	VQIPPSTTY
2584	SVQRYVINH
2289	QYAIISEAW
1382	GKGDPKKPRGKMS
1382	IENEEQEY
2821	VFDEAIRAV
2584	KTIEEIISF
2821	AQKSDIVQL
2821	SSKEGGVTF
2821	ALKEIRTQY
2584	STNWSDVGK
2289	KYNANFVTF
2821	KTYGEIFEK
2584	AVGLVLPAK
2584	RDFTVSAL
2289	QVTALQQKI
1382	FDLSHGSAQVKGHGK
1382	DVRPQVHPNYRISA
2821	LVRPPVQVYG
1382	VRKDLQNFLK
1382	GKKSKLEF
2821	ALRDNSTMGY
1382	SQKRPSQRHGSKY
2584	TPEEKSAVTAL
1382	HSIGKIGGAQNRSY
1382	IVRPDNTYEV
2584	AQVENLITA
2289	IYVHDLLTF
2584	LVIPFTIKK
2584	RLFLFQIQK
2584	TASQFLEIW
2584	TGPNLHGLFGR
2289	KYDPNVYSI
1382	EPLQARADEV
2584	RLADALQEL
2289	LPTEEEWEF
2584	GSSAINILK
2584	RLFVGSIPK
2289	RYGPVFTI
2289	TQLGAFYI
1382	FDDAIAELDTL
1382	NEEPSEEEIDAPKPK
2289	ALLKLAQKV
1382	GSDDEEESEEAKRLR
2821	FLLFPDMEA
2821	AIITTHLQY
2821	ATAQVNPLYK
1382	LLPKKTESQKTKS
2584	GEGDFLAEGGGV
2821	SVIDSVTKK
2584	TTSDIDYAL
2821	PGFGYGGR
2821	GQKIFYVNY
2821	AVASFPKKQE
2821	SQMKSYQSF
2821	STFGGHKSEK
2821	GQVQKIVLY
2289	TPDIPLSSY
2289	FQKKLVDTI
1382	KSPAKPKAVKPK
2821	RQFMAETQF
2821	SDGLAHLDNL
2821	AAVQAQFSK
1382	THSKRTLL
2584	GTNPGIITK
2584	RVVQQEEGW
1382	NNSRIKLGLK
1382	DENPVVHFF
2584	ATLTNILEH
2289	SQFPFPQI
2821	GTYVKPLSNK
2289	VYVVGTAHF
2584	STSGGIYSK
2821	SKERLNAYT
2821	YSAPVSSSL
2584	SVQGFFLNH
1382	IYNEALKG
1382	VEVLVPLPQ
2584	KVVDELNLL
2821	LPVVPKATY
2289	HQVPGSPFKV
1382	LIKGSVAGGAVY
2821	AQKQPGHTNY
2289	HRYPNQVYY
1382	TYVTPRRPFEKS
2821	GTSSVIVSR
2821	QELGKLTGPNNQ
2821	SILPAIFQK
2584	LHLGYLPNQLFRTF
2289	RQVKLVNI
2289	LPDSGVVEY
2289	LYPSTFFRL
2584	ISIKDLNATF
2584	YERSNEYQL
2289	FQYPDTRYL
1382	SAPGGGSKVPQKKV
1382	EAERAQSIAYHLKIE
2821	ATETQPIVY
2821	IQIKQQSTSY
2584	LSRSVLFTK
2289	NYPETLGRLLI
2821	SVDDGGSFPK
2821	SQFPQPQHF
2289	YYMKDLPTSF
1382	DDDREDLF
2821	QSDPKPSQY
2584	NVIGQITQL
1382	REEHKKKHPDASVN
1382	ALPDEDDDL
2289	IQEGDVVLKI
2821	YYTAGSSSPTH
2821	AHVDDMPNALSA
2584	SSGLPRNTVVL
2821	LPQHQVPAY
2821	EVQNSVSGESEA
1382	LNKKAASGEAKPK
1382	YHNLKNVIKE
2289	ILFSQPLQI
2289	TYEAQFFGF
2821	GQPQPGFGY
2584	PSIGIYGLDF
2289	LQNKVVVTI
1382	STGGKAPRKQLAT
1382	HHFGKEFTPPV
1382	FESFGDLSTPD
2821	EAVESMVK
1382	SGPKLNIEGKSKKS
1382	FGYGGRASDYK
2821	ATQSFSTFR
2821	AQAAQQLQY
2584	YAYDGKDYIA
2289	FPEDTVITY
2289	LYIVEPLKF
2289	LYDVTWEEM
1382	AKIRKAARELL
2821	ILHEAAMQY
2584	RTTDLLTDW
1382	HNLKNVIKEKYGKDA
2821	AKALANVNIGSL
1382	IAGGGVIPHIHKS
2821	SVELPIVGK
2584	SLPEIDNAL
2584	GQFSGFPFEK
1382	KERSGVSLAALKK
2584	SVTEIQEKW
2584	SAFGYVFPK
2289	PYNDYFEYF
2289	RYVEIVSQF
1382	GFVKVVKNKAY
1382	VKPKEVKPKIPKGV
1382	KKEESEESDDDMGF
2584	ATFPDTLTY
2289	RIYDGEEKI
1382	FRSPLSVF
2821	GASQAGMTGY
2821	SSDTSALSY
2584	RVIDYILDL
1382	EVGGEALGRL
2584	ISMGDHLW
2584	PELAVQKVVVHPLVL
1382	GEASRLAHYNKRS
2584	AVLSSPLSH
2584	AEGDLVRLL
2584	ISAEVQAVF
1382	TAKPKAAKPKKA
2821	VIIKGTQVY
2821	YQTAPKAGY
2821	ITDKNSLAY
2584	KIRPFFPQ
1382	TGGKAPRKQLAT
2821	MATAASSSSLEKS
2289	SQAIVKVVI
1382	WAPESAPLKSK
2821	GQFPFPTAL
2584	RLYDAYELK
2289	AQSESILKV
1382	VGEEAIVEL
2821	SVDPHGFISY
2584	KAIKELEEW
1382	KFKDPNAPKRPPSAF
2821	EVSKIVQTY
2289	FPSTAEHTL
2289	IYEQVFAKL
2289	ISSHIPLII
2821	TIMPKDIQLA
2289	YIKHPVSL
2289	KVKEKVQKL
1382	SIQRSAPGGGGKRY
1382	HYNKRSTITSREIQT
1382	IIAPPERKYS
2821	GSSDVIIHR
2584	SLFEGTWYL
2584	GTYAPAEVPK
2821	GQHVTAALY
2584	TVQTTEDQILK
2289	SFDSALQSV
1382	FRDQEGQDV
2821	TSDVGGYYY
1382	AVKPKAAKPKVVKPK
1382	GSHRYVILKSEPVHP
1382	AGKYVPAIAHLIHS
2821	RAIDYVQRQ
2821	ATQSPISKK
2584	FSLPAQPLW
2289	KLTGILQEV
1382	VALPGVAVSML
2584	NELRVAPEEHPVLL
2584	KVWAGKFFK
2289	VYLAAVNRL
1382	DNIQGITKPAIRR
2821	SSDAHTSYY
2289	LPDGYEFKF
1382	GFRTHFGGGKTTG
2821	GMAAMPQTVY
2821	HAANQSYQY
2289	YYAEVETRI
2289	VYINTAQEF
1382	GGKIGLFGGAGVGKT
2289	AQEKGIYYI
2289	VYMGLLAVF
2289	HPSFPEVSF
2821	GQPLRPQANY
2289	WVDPYEVSY
2289	FPLDKAVAY
1382	YDFQRDYYDR
2821	SQFPQGYQF
2289	QYPVIIHLI
2289	QPDNIVYVM
2584	KVADALTNA
2821	GTYHGMTLK
2821	VSDASSAVYY
2821	GSNGYILNK
1382	LHLGYLPNQLFR
1382	QKVVAGVANALAHK
2289	YLKYFQDQV
2584	VSMDYAISK
2821	GVIGGQLAMY
2289	HPENDVYSY
2584	TANGIALLW
1382	SSTPEEVKKRKKAV
2821	ATDMEGNLNY
2289	GYLDKLEPSK
2289	KIFQEMLYI
2289	ALPSKLPTF
2289	AQSGLPVRI
2584	SAYDGKDYI
2584	VIVPADPTLW
2289	GLAETVLVV
2584	VLEYLTAEIL
1382	NPQTARQAHLY
1382	VLSPADKTNVKA
2821	AVTKYTSSK
2289	RQFSTPFQL
1382	KDVEEGDEKFE
2289	RVKTVTFEY
2821	GQNNTFSGSSY
2289	QQRLVSELI
2289	RLKELESQV
1382	GGYDVEKNNSRIKLG
2821	VTELHVISY
1382	RLLLPGELAKHA
2584	KLFPSPLQTL
2584	PENFRLLGNVL
2584	GQWKKGFVL
2289	EQQSVLQRI
1382	YASGRTTGIVMD
1382	LLPKKTESHKAKS
2821	ATATSSPPPK
2289	KATAYILSV
2289	WFDTGLSEM
2821	NPADSISHVAY
2821	SSNLPVNNK
2584	STAENAEYL
2584	GEVDPKVAL
2289	FPEESSALIEF
1382	HASLDKFLA
1382	LVEAHGTF
2289	HQKSEFVEK
2289	MPLEEGDTF
1382	FDAKRLIGRKF
2289	EYAAGPFALF
1382	KRHLTGEFEK
2821	YQPNFNTNF
2584	ATLNSIVAK
2289	RLAVITQNI
1382	LHLGYLPNQLFRTF
2821	GSLGFTVTK
2289	YGSGRFFIL
2289	VQSNKPLSV
2289	IYQKYIARF
1382	GTGASGSFKLNKK
2584	VVITEKGISDL
2584	ALPEIFTEL
2289	TFDVAPSRLDF
2289	LPQHPDVEM
2289	LYSRVQATF
1382	FRVPTANV
2821	GTYDAKVKK
2821	TVYGTPKPK
2584	SIWDETLYK
2821	TVQEKTFNK
2289	VQPRNWLLF
1382	HAHKLRVDPVNFK
2821	SATTSPFFK
1382	KAPTKAAPKQKI
2584	EEFLFRTAL
2289	VQSEEKLVI
2289	RLFQAHQV
2821	YTDGPGGSGQY
2821	GSLGNIHHK
1382	LAEFAFSLYRQLAHQ
2821	KSSEVFTTF
2584	AAFDGGFTVK
2289	ILAQQPLSV
1382	ALGRLLVVYPWTQRF
1382	HSRLLERAAKM
1382	EEEEDVKL
2821	GTQGSPITK
2584	SVALINRAL
2289	LPDEDLASF
2584	AILTHGIF
2289	YQFNPMESI
2289	IQAPLSWEL
2821	QVKGPTQEF
2584	TEVGEKIAL
2289	LLSDVRFVL
2821	IVTPRTPPPSQG
2584	SVIEQLFFV
2821	SVSDLFNTK
2821	VTDTGALYLY
2584	REQEVNIL
2584	GAVRENYTW
1382	FPVGRIHRHLKS
2821	SSGDIFLEK
2821	RLYGPSSVSF
2584	KTYGEIFEK
2289	HADPRIQGY
1382	VNPTVFFD
2821	SVSQPVAQK
2289	LYPQFMFHL
1382	IVIQNPTE
2584	AQFEHTILL
2289	KYPENFFLL
2821	SQRSPSELF
2821	LPQPPEGQTY
2584	KTYSLLHQW
2289	VQNDTLLQV
1382	IVEGKREKKKVERL
2584	RSIQVDGKTIK
2289	AQLILKAI
2289	FLLHIQQQV
2821	GTSELLLAK
2289	RQLGTVQQVI
2584	SIWDYFIAK
1382	IVFGEVDR
1382	IIFLSDQTKEKE
2821	TYRDANIK
2584	IQAPLSWEL
1382	VEFEDPRDA
1382	MRYVASYLL
2821	FRGLGMTL
2289	RYFENPQVI
1382	VDDMPNALSAL
2289	PKFEVIEKPQA
2289	FPIEAGDMF
1382	SLGSALRPSTSRSL
2584	PTTKTYFPHF
2289	HPESERISM
2821	HLTPEEKS
1382	HFGKEFTPP
2584	KAQSLLQLW
2289	TQVELTGHSI
1382	MEDLDRNKDQEVNF
2821	NPAPNPAVY
2584	GTFGGLGSK
2289	KVKAEVQNL
2584	AGEYGAEALER
1382	VGPKAPSGGKKATQA
1382	EDGEIDGNKV
2821	EVGGEALGRL
2289	RLPPEVNRI
2821	ATLNSIVAK
2584	AVYVPFWQK
2584	TVAELVQFL
2821	PLKTSPLQ
1382	LSFPTTKT
2584	ATSVITIVK
2584	SSFGRGFFK
2584	KTYGEIFEKF
1382	SVSTVLTSKYR
2821	RVQEAVESMVK
2289	SYAEIEQTI
2584	SVSTQQPPK
2584	SQSSLIHLV
1382	AAQKGFNKVVLK
2821	KQMEQVAQF
2821	VPHSIINGY
2821	VTKPVGGNY
1382	LAPKIEDEEGS
1382	GGKAPRKQLATK
2821	PAKAPNTPDILE
2584	TVIGTIEEI
2289	YPDRIMNTF
2821	GQKPGGSDF
2821	KIFSGVFVK
2289	VYTSGIYNI
1382	VLLPKKTESHKAKSK
2289	AQVQQVLNI
2289	HPETNLPVGY
2821	SVIDTASKY
2821	ATFYGPVKK
2289	YLTKEDLRV
2289	GQFGKILDV
2289	FPYSYEVAL
2821	SVPEFPLSPPK
2584	FAAGYNVKF
2289	VPDSTSDLYNF
1382	GGSTRIPKIQKL
2584	GTQGKIVDLVKELDR
2584	STSNSFNLK
2821	LSEPSSLQY
2821	VTDGFSSLK
2289	YYLTDVDRI
2289	GQDGKTLLI
2289	VFDIHVIDF
2821	VVADFSGFLK
1382	AGAAKAKKPAGA
2821	GQYNKEDPTSF
2289	LYQDGVFKF
2821	IKVQGILSY
2584	PVDVLYPYF
2289	SVSKLLLVI
2584	AVALPLQTK
2821	LSDSGVTQRY
2584	LIVIQNPTE
2289	HTAAVKLLL
1382	AAPKQKIVKPVKV
1382	LLPKKTESHKA
2289	QQNGTPLKV
2821	GQKVLVNVL
2821	ENPVVHFF
2821	AAMQDPEVM
2584	FENKFAVET
2821	NTTNTSLTF
2584	RIIDVVYNA
2821	SPQPDGKVVY
2584	SSNLPVNNK
2289	FPVDEVSITY
2821	AGHLSTAQY
2584	ATIRVLESVQK
2289	LYGRNFNYL
2289	AQSEIHLQV
2821	RSTVPTPAK
2821	ATATETYIK
2584	YTVEDIQRL
2289	HAAKVILQV
2289	HADLLIVVF
1382	IGIIVANVPEGL
2821	TQYESKVFY
2289	IYPEVVHMF
2289	FPVESEAVM
1382	ITANATEPQKA
2821	SVFGTMPLK
2821	TQKIGVHAF
2584	KVNAMTFTF
2584	NVIDNLIVA
2584	SLYSGLLERL
2584	FLPNDAEEL
2289	VQAPVIQQV
2289	RYISPDQLADL
2821	STFNVFVGK
2289	LYANMFERL
2584	VVVFGNDKL
2289	LPYGREDVL
2289	RLAFTDVSI
2289	FPDRATLY
2289	LPFVPSAEDVY
2289	RLIEVNGQNV
2289	PYISNIYLI
1382	IFERIAGEAS
1382	IEHIKHSKSRDSF
2821	IAEENGLEVL
2584	WGTPNFPALL
1382	RSAPGGGSKVPQKKV
2821	TVDQVKDLY
2584	KVGPVPVLV
2821	SVFQQGMKNK
1382	TKAVAASKERNGLSL
2821	RTQTVSINK
2821	GQAHPSASY
